ra,dec,h_m,h_cmsig,prox,j_m,k_m,rd_flg,j_h,h_k,j_k
209.083200,-54.132294,6.005,0.019,17.7,6.018,5.941,111,0.0130,0.0640,0.0770
208.704063,-62.249672,6.009,0.041,17.5,6.654,5.867,111,0.6450,0.1420,0.7870
210.584432,-59.268646,6.006,0.059,10.5,6.912,5.565,111,0.9060,0.4410,1.3470
209.802752,-59.436207,6.008,0.029,11.4,6.942,5.651,111,0.9340,0.3570,1.2910
130.661336,-29.799116,6.009,0.019,11.3,6.815,5.700,111,0.8060,0.3090,1.1150
129.955038,-27.987104,6.003,0.051,12.1,6.942,5.634,111,0.9390,0.3690,1.3080
126.391484,-26.495428,6.004,0.035,18.2,6.787,5.792,111,0.7830,0.2120,0.9950
125.063346,-30.642347,6.007,0.043,16.2,6.639,5.774,111,0.6320,0.2330,0.8650
274.512276,-13.206739,6.004,0.029,11.3,7.685,5.197,111,1.6810,0.8070,2.4880
272.178323,-16.090290,6.006,0.041,10.3,7.449,5.328,111,1.4430,0.6780,2.1210
274.528330,-15.722232,6.008,0.061,13.4,7.753,5.203,111,1.7450,0.8050,2.5500
231.497984,-54.488750,6.002,0.043,14.8,7.252,5.365,111,1.2500,0.6370,1.8870
244.688017,-52.723896,6.003,0.027,12.3,7.033,5.523,111,1.0300,0.4800,1.5100
245.088137,-52.133907,6.009,0.033,14.6,6.584,5.875,111,0.5750,0.1340,0.7090
246.453382,-51.675129,6.003,0.029,14.3,7.041,5.620,111,1.0380,0.3830,1.4210
286.104889,15.479220,6.004,0.009,17.3,7.054,5.612,111,1.0500,0.3920,1.4420
272.884057,46.149937,6.006,0.011,34.4,6.892,5.654,111,0.8860,0.3520,1.2380
274.323583,42.803032,6.002,0.021,34.2,6.527,5.859,111,0.5250,0.1430,0.6680
278.947738,47.148666,6.004,0.019,43.2,6.502,5.889,111,0.4980,0.1150,0.6130
296.521773,26.911978,6.001,0.029,17.4,7.352,5.485,111,1.3510,0.5160,1.8670
296.674220,26.077438,6.004,0.045,11.7,7.637,5.243,111,1.6330,0.7610,2.3940
265.158234,-23.573339,6.003,0.023,13.0,7.349,5.236,111,1.3460,0.7670,2.1130
184.400794,-63.419777,6.004,0.021,12.1,7.303,5.377,111,1.2990,0.6270,1.9260
200.242444,-62.111847,6.009,0.017,14.2,7.028,5.570,111,1.0190,0.4390,1.4580
202.192382,-64.208885,6.009,0.035,11.5,7.054,5.605,111,1.0450,0.4040,1.4490
194.884598,-62.562347,6.004,0.029,14.4,7.201,5.516,111,1.1970,0.4880,1.6850
194.111779,-64.130615,6.003,0.021,10.5,7.036,5.568,111,1.0330,0.4350,1.4680
283.608723,10.300875,6.003,0.027,11.6,7.486,4.968,111,1.4830,1.0350,2.5180
286.497277,7.813952,6.001,0.027,12.2,7.173,5.555,111,1.1720,0.4460,1.6180
287.799932,10.537177,6.004,0.019,10.2,7.297,5.439,111,1.2930,0.5650,1.8580
287.452885,9.382339,6.006,0.039,14.2,7.239,5.548,111,1.2330,0.4580,1.6910
286.670074,10.370627,6.004,0.011,10.3,7.392,5.228,111,1.3880,0.7760,2.1640
204.280975,-57.502975,6.005,0.013,15.4,6.586,5.825,111,0.5810,0.1800,0.7610
215.171377,-57.399151,6.005,0.049,10.7,7.015,5.615,111,1.0100,0.3900,1.4000
205.949516,-62.320744,6.009,0.041,13.3,8.239,4.893,111,2.2300,1.1160,3.3460
284.020928,-1.780554,6.003,0.033,10.5,7.293,5.368,111,1.2900,0.6350,1.9250
284.006817,-1.834323,6.005,0.043,11.3,7.001,5.616,111,0.9960,0.3890,1.3850
283.330007,-2.391971,6.002,0.043,12.0,7.462,5.205,111,1.4600,0.7970,2.2570
313.106413,29.572992,6.004,0.019,18.6,6.821,5.769,111,0.8170,0.2350,1.0520
316.664975,38.864609,6.009,0.015,11.7,6.889,5.679,111,0.8800,0.3300,1.2100
318.296485,40.190296,6.005,0.011,14.3,7.330,5.318,111,1.3250,0.6870,2.0120
83.774764,15.721466,6.001,0.023,13.0,6.710,5.764,111,0.7090,0.2370,0.9460
84.801677,11.830206,6.004,0.043,21.4,7.013,5.586,111,1.0090,0.4180,1.4270
75.284208,0.796108,6.001,0.035,15.0,6.495,5.853,111,0.4940,0.1480,0.6420
74.942915,4.224693,6.009,0.031,24.7,6.620,5.825,111,0.6110,0.1840,0.7950
84.689072,8.521595,6.009,0.035,26.3,6.915,5.707,111,0.9060,0.3020,1.2080
275.933411,2.360412,6.008,0.033,12.7,7.092,5.561,111,1.0840,0.4470,1.5310
277.408919,2.010743,6.009,0.029,14.9,7.097,5.532,111,1.0880,0.4770,1.5650
273.089374,5.448805,6.001,0.025,11.7,6.916,5.664,111,0.9150,0.3370,1.2520
290.147581,1.562016,6.005,0.019,11.5,7.228,5.259,111,1.2230,0.7460,1.9690
289.989605,0.451492,6.003,0.017,17.0,7.009,5.545,111,1.0060,0.4580,1.4640
266.751912,-24.913498,6.006,0.037,13.4,6.572,5.823,111,0.5660,0.1830,0.7490
261.567385,-24.714224,6.004,0.033,10.7,7.075,5.569,111,1.0710,0.4350,1.5060
260.517732,-24.380476,6.001,0.025,10.5,7.075,5.575,111,1.0740,0.4260,1.5000
269.350446,-33.327305,6.009,0.047,12.0,6.989,5.587,111,0.9800,0.4220,1.4020
278.622039,-14.897743,6.008,0.049,15.9,6.891,5.706,111,0.8830,0.3020,1.1850
279.852052,-14.646561,6.003,0.039,14.5,6.983,5.721,111,0.9800,0.2820,1.2620
151.964111,26.668535,6.005,0.015,64.5,6.731,5.854,111,0.7260,0.1510,0.8770
129.247976,47.556656,6.006,0.011,37.6,6.698,5.838,111,0.6920,0.1680,0.8600
136.552493,44.876186,6.009,0.019,77.8,6.479,5.874,111,0.4700,0.1350,0.6050
125.010758,33.413002,6.007,0.007,20.9,6.795,5.810,111,0.7880,0.1970,0.9850
85.043463,2.046438,6.008,0.019,22.6,7.007,5.688,111,0.9990,0.3200,1.3190
87.368885,5.595706,6.008,0.035,16.7,6.983,5.647,111,0.9750,0.3610,1.3360
89.802138,19.485928,6.009,0.031,14.1,6.961,5.739,111,0.9520,0.2700,1.2220
130.333020,-19.174845,6.002,0.025,56.9,6.702,5.842,111,0.7000,0.1600,0.8600
123.921808,-15.400924,6.009,0.019,14.8,6.799,5.811,111,0.7900,0.1980,0.9880
126.450589,-16.527452,6.004,0.039,22.6,6.845,5.734,111,0.8410,0.2700,1.1110
142.103457,-23.898993,6.001,0.029,15.9,6.895,5.698,111,0.8940,0.3030,1.1970
135.519903,-23.265028,6.009,0.041,22.4,6.983,5.687,111,0.9740,0.3220,1.2960
288.734122,7.313795,6.004,0.023,13.6,7.202,5.497,111,1.1980,0.5070,1.7050
289.896642,7.672852,6.007,0.017,10.7,7.534,5.168,111,1.5270,0.8390,2.3660
301.784404,-0.802923,6.005,0.031,23.5,6.887,5.713,111,0.8820,0.2920,1.1740
298.707175,-1.246541,6.008,0.023,18.1,6.989,5.653,111,0.9810,0.3550,1.3360
300.786698,-2.897309,6.002,0.017,23.2,6.960,5.691,111,0.9580,0.3110,1.2690
301.148423,-1.315150,6.006,0.011,15.6,6.606,5.835,111,0.6000,0.1710,0.7710
300.506419,-1.267413,6.005,0.013,25.0,6.922,5.664,111,0.9170,0.3410,1.2580
294.322720,-5.141821,6.006,0.019,15.0,6.418,5.850,111,0.4120,0.1560,0.5680
299.343291,-9.266182,6.002,0.019,15.4,6.845,5.784,111,0.8430,0.2180,1.0610
283.062168,26.026360,6.007,0.021,20.3,6.187,5.937,111,0.1800,0.0700,0.2500
282.753388,29.725695,6.007,0.037,12.0,6.454,5.861,111,0.4470,0.1460,0.5930
296.157522,22.858135,6.005,0.023,11.6,6.938,5.681,111,0.9330,0.3240,1.2570
294.551597,23.303627,6.005,0.007,15.1,7.293,5.311,111,1.2880,0.6940,1.9820
273.696322,-2.197236,6.005,0.009,11.5,7.369,5.378,111,1.3640,0.6270,1.9910
225.839197,-34.884880,6.003,0.015,21.1,6.567,5.880,111,0.5640,0.1230,0.6870
274.771025,-0.724468,6.008,0.047,13.0,7.115,5.618,111,1.1070,0.3900,1.4970
274.101267,-6.675205,6.006,0.021,13.6,7.230,5.287,111,1.2240,0.7190,1.9430
255.022319,-48.707027,6.007,0.039,13.2,7.066,5.348,111,1.0590,0.6590,1.7180
254.188829,-43.280060,6.001,0.043,12.4,7.785,5.108,111,1.7840,0.8930,2.6770
256.044320,-43.572887,6.004,0.037,10.4,6.620,5.832,111,0.6160,0.1720,0.7880
239.325220,-55.193745,6.005,0.041,14.1,7.158,5.478,111,1.1530,0.5270,1.6800
233.492152,-58.607548,6.007,0.051,16.2,7.266,5.385,111,1.2590,0.6220,1.8810
264.643424,-66.786652,6.006,0.039,15.9,6.916,5.613,111,0.9100,0.3930,1.3030
260.800743,-59.831371,6.008,0.031,12.1,6.477,5.863,111,0.4690,0.1450,0.6140
262.956149,-59.169548,6.003,0.037,14.1,6.844,5.771,111,0.8410,0.2320,1.0730
264.549993,-61.276115,6.006,0.019,14.1,6.860,5.714,111,0.8540,0.2920,1.1460
264.825078,-60.681995,6.003,0.021,12.4,6.526,5.868,111,0.5230,0.1350,0.6580
266.002058,-59.585861,6.002,0.039,19.2,6.630,5.855,111,0.6280,0.1470,0.7750
246.120526,-62.663982,6.006,0.029,11.1,6.731,5.805,111,0.7250,0.2010,0.9260
241.605664,-54.794342,6.008,0.047,13.2,7.206,5.344,111,1.1980,0.6640,1.8620
242.676300,-55.627193,6.002,0.027,12.3,7.107,5.504,111,1.1050,0.4980,1.6030
112.806874,-8.519282,6.009,0.023,14.6,7.237,5.304,111,1.2280,0.7050,1.9330
109.691802,-7.796158,6.001,0.035,13.5,7.261,5.295,111,1.2600,0.7060,1.9660
95.149442,-20.677940,6.001,0.021,21.8,6.522,5.850,111,0.5210,0.1510,0.6720
93.340893,-20.648809,6.002,0.021,36.9,6.590,5.848,111,0.5880,0.1540,0.7420
99.423355,-23.581841,6.009,0.009,32.6,6.814,5.726,111,0.8050,0.2830,1.0880
98.351632,-15.535863,6.009,0.027,18.4,6.597,5.877,111,0.5880,0.1320,0.7200
107.198525,-12.614665,6.004,0.039,15.0,6.594,5.805,111,0.5900,0.1990,0.7890
290.320079,-22.665951,6.005,0.033,16.7,6.884,5.582,111,0.8790,0.4230,1.3020
280.918980,23.535318,6.009,0.011,13.2,6.602,5.878,111,0.5930,0.1310,0.7240
279.222243,22.579218,6.003,0.021,17.9,6.731,5.802,111,0.7280,0.2010,0.9290
255.697876,-37.231930,6.007,0.023,11.3,7.100,5.528,111,1.0930,0.4790,1.5720
253.222861,-42.389290,6.003,0.029,13.0,7.005,5.610,111,1.0020,0.3930,1.3950
255.151408,-41.320175,6.002,0.033,10.5,7.682,5.169,111,1.6800,0.8330,2.5130
254.417896,-42.304775,6.006,0.037,11.4,7.101,5.618,111,1.0950,0.3880,1.4830
259.471680,-39.664322,6.005,0.025,10.7,7.170,5.485,111,1.1650,0.5200,1.6850
274.785096,-17.495451,6.004,0.049,10.8,7.101,5.564,111,1.0970,0.4400,1.5370
270.380313,-17.814316,6.009,0.047,13.1,7.076,5.568,111,1.0670,0.4410,1.5080
270.599458,-18.829262,6.006,0.011,11.3,7.451,5.392,111,1.4450,0.6140,2.0590
271.635205,-17.206011,6.003,0.031,12.8,7.614,5.129,111,1.6110,0.8740,2.4850
278.938206,-12.922076,6.009,0.029,13.9,7.179,5.275,111,1.1700,0.7340,1.9040
266.692482,-46.150349,6.009,0.033,18.4,6.941,5.635,111,0.9320,0.3740,1.3060
264.219921,-46.698860,6.003,0.027,12.9,6.989,5.573,111,0.9860,0.4300,1.4160
262.381059,-47.422508,6.005,0.031,16.8,7.037,5.560,111,1.0320,0.4450,1.4770
229.241491,-42.541256,6.002,0.041,15.7,6.828,5.715,111,0.8260,0.2870,1.1130
219.375412,-44.369720,6.008,0.035,14.3,6.860,5.415,111,0.8520,0.5930,1.4450
218.881233,-41.517406,6.009,0.041,17.1,5.988,6.030,111,-0.0210,-0.0210,-0.0420
220.112902,-42.540016,6.002,0.031,14.7,6.890,5.706,111,0.8880,0.2960,1.1840
223.503321,-43.597839,6.005,0.025,23.5,6.459,5.863,111,0.4540,0.1420,0.5960
261.398437,-41.338970,6.005,0.045,15.2,6.543,5.793,111,0.5380,0.2120,0.7500
258.141465,-44.250519,6.004,0.035,11.1,7.371,5.320,111,1.3670,0.6840,2.0510
185.427546,-54.907135,6.005,0.027,10.7,6.948,5.639,111,0.9430,0.3660,1.3090
190.525395,-49.788761,6.009,0.043,22.4,6.889,5.638,111,0.8800,0.3710,1.2510
182.591920,-65.698250,6.005,0.027,18.0,6.880,5.680,111,0.8750,0.3250,1.2000
21.156196,32.004723,6.006,0.011,15.5,6.489,5.905,111,0.4830,0.1010,0.5840
21.760253,34.639107,6.002,0.029,43.2,6.421,5.851,111,0.4190,0.1510,0.5700
44.656258,54.610481,6.001,0.015,14.3,6.885,5.670,111,0.8840,0.3310,1.2150
43.716758,53.522675,6.009,0.011,17.5,6.502,5.879,111,0.4930,0.1300,0.6230
37.969902,48.894520,6.009,0.015,38.6,6.860,5.725,111,0.8510,0.2840,1.1350
31.543396,46.859928,6.005,0.039,29.3,6.235,5.916,111,0.2300,0.0890,0.3190
268.702320,-17.665960,6.003,0.027,14.2,7.068,5.647,111,1.0650,0.3560,1.4210
269.226257,-18.020937,6.007,0.019,14.7,6.895,5.753,111,0.8880,0.2540,1.1420
266.320390,-18.253435,6.005,0.033,14.4,7.024,5.569,111,1.0190,0.4360,1.4550
266.812546,-12.937726,6.008,0.043,13.1,6.708,5.759,111,0.7000,0.2490,0.9490
266.764269,-12.479978,6.001,0.021,16.1,7.053,5.625,111,1.0520,0.3760,1.4280
267.666451,-14.330157,6.006,0.037,20.2,6.536,5.781,111,0.5300,0.2250,0.7550
268.668782,-14.537785,6.006,0.031,13.4,6.859,5.722,111,0.8530,0.2840,1.1370
261.532134,-14.283217,6.008,0.029,11.3,6.891,5.407,111,0.8830,0.6010,1.4840
262.919629,-15.360642,6.005,0.021,12.3,6.842,5.703,111,0.8370,0.3020,1.1390
307.906244,41.222507,6.001,0.011,11.5,6.498,5.748,111,0.4970,0.2530,0.7500
314.694713,40.505398,6.001,0.013,16.5,6.498,5.888,111,0.4970,0.1130,0.6100
313.097402,42.480240,6.004,0.039,10.8,6.532,5.897,111,0.5280,0.1070,0.6350
322.603789,41.620831,6.008,0.023,21.8,7.001,5.687,111,0.9930,0.3210,1.3140
318.013904,42.591351,6.007,0.009,12.6,6.747,5.783,111,0.7400,0.2240,0.9640
33.626587,49.084846,6.004,0.015,21.5,6.466,5.845,111,0.4620,0.1590,0.6210
27.124281,40.275349,6.004,0.027,18.0,6.723,5.686,111,0.7190,0.3180,1.0370
19.017023,36.938374,6.001,0.005,19.8,6.895,5.663,111,0.8940,0.3380,1.2320
58.596714,21.086449,6.003,0.009,21.5,6.798,5.821,111,0.7950,0.1820,0.9770
54.217539,17.222961,6.007,0.005,61.2,6.755,5.809,111,0.7480,0.1980,0.9460
37.196995,24.424038,6.006,0.009,15.1,6.607,5.843,111,0.6010,0.1630,0.7640
38.619735,23.501120,6.001,0.009,19.0,6.495,5.929,111,0.4940,0.0720,0.5660
37.930828,19.290890,6.005,0.005,12.4,6.535,5.877,111,0.5300,0.1280,0.6580
40.169103,15.686632,6.002,0.017,34.0,6.535,5.860,111,0.5330,0.1420,0.6750
153.759986,-48.794544,6.001,0.025,16.2,6.917,5.650,111,0.9160,0.3510,1.2670
148.890525,-53.531269,6.007,0.033,14.6,7.176,5.534,111,1.1690,0.4730,1.6420
114.113327,22.029715,6.005,0.017,37.3,6.801,5.794,111,0.7960,0.2110,1.0070
111.092733,19.304392,6.006,0.023,22.5,6.665,5.849,111,0.6590,0.1570,0.8160
92.601945,20.500816,6.007,0.017,17.6,6.792,5.794,111,0.7850,0.2130,0.9980
314.352841,42.992718,6.009,0.029,16.1,7.161,5.548,111,1.1520,0.4610,1.6130
316.401296,46.852207,6.008,0.005,13.4,6.927,5.726,111,0.9190,0.2820,1.2010
311.465495,47.359863,6.006,0.017,18.5,6.910,5.743,111,0.9040,0.2630,1.1670
310.662499,47.409164,6.009,0.021,14.3,6.481,5.895,111,0.4720,0.1140,0.5860
313.423328,46.044842,6.002,0.019,12.3,6.755,5.770,111,0.7530,0.2320,0.9850
159.071290,-49.038937,6.005,0.033,15.6,6.968,5.440,111,0.9630,0.5650,1.5280
160.243704,-45.062458,6.009,0.037,23.8,6.826,5.781,111,0.8170,0.2280,1.0450
157.781712,-37.957123,6.003,0.025,15.4,6.686,5.792,111,0.6830,0.2110,0.8940
161.390720,-40.393921,6.002,0.029,29.9,6.823,5.807,111,0.8210,0.1950,1.0160
155.678788,-41.408325,6.009,0.039,16.2,6.677,5.789,111,0.6680,0.2200,0.8880
154.066250,-42.703453,6.004,0.021,19.6,6.882,5.609,111,0.8780,0.3950,1.2730
130.623470,-8.547580,6.006,0.027,23.5,6.765,5.762,111,0.7590,0.2440,1.0030
120.756130,-24.275982,6.004,0.049,13.1,7.064,5.486,111,1.0600,0.5180,1.5780
122.587727,-23.013149,6.009,0.019,12.9,6.882,5.556,111,0.8730,0.4530,1.3260
249.555733,-56.769123,6.002,0.019,17.1,6.886,5.778,111,0.8840,0.2240,1.1080
249.761712,-55.563587,6.008,0.027,15.7,7.029,5.596,111,1.0210,0.4120,1.4330
248.789002,-56.393265,6.007,0.027,12.0,6.880,5.691,111,0.8730,0.3160,1.1890
256.215254,-55.834438,6.001,0.039,16.4,6.880,5.699,111,0.8790,0.3020,1.1810
248.380912,-57.958057,6.001,0.033,10.5,6.954,5.465,111,0.9530,0.5360,1.4890
254.978387,-59.329678,6.006,0.013,11.5,6.258,5.987,111,0.2520,0.0190,0.2710
120.989826,-16.342323,6.005,0.041,15.8,6.530,5.856,111,0.5250,0.1490,0.6740
123.913334,-1.247310,6.006,0.027,20.4,6.458,5.882,111,0.4520,0.1240,0.5760
120.457200,-8.213890,6.007,0.015,25.1,6.500,5.862,111,0.4930,0.1450,0.6380
350.371070,22.601997,6.008,0.017,38.4,6.716,5.806,111,0.7080,0.2020,0.9100
353.030872,20.523722,6.004,0.007,53.0,6.734,5.813,111,0.7300,0.1910,0.9210
290.531579,82.911484,6.002,0.023,23.8,6.717,5.862,111,0.7150,0.1400,0.8550
354.418059,81.345543,6.003,0.021,17.0,6.568,5.893,111,0.5650,0.1100,0.6750
351.532449,70.464577,6.004,0.027,17.3,6.998,5.668,111,0.9940,0.3360,1.3300
322.006098,74.304642,6.004,0.031,18.4,6.931,5.688,111,0.9270,0.3160,1.2430
330.159536,74.144882,6.009,0.031,29.0,6.890,5.777,111,0.8810,0.2320,1.1130
320.698592,77.014404,6.007,0.027,25.5,6.916,5.727,111,0.9090,0.2800,1.1890
312.516247,12.142643,6.006,0.029,17.3,6.823,5.783,111,0.8170,0.2230,1.0400
317.524719,7.720908,6.007,0.015,20.7,6.716,5.796,111,0.7090,0.2110,0.9200
18.472546,-36.185135,6.002,0.033,65.7,6.519,5.866,111,0.5170,0.1360,0.6530
39.337216,-33.649212,6.004,0.033,81.1,6.663,5.814,111,0.6590,0.1900,0.8490
94.428723,-0.746287,6.007,0.021,27.1,6.923,5.717,111,0.9160,0.2900,1.2060
96.131016,-4.466242,6.002,0.041,30.6,6.671,5.860,111,0.6690,0.1420,0.8110
190.163513,-66.780022,6.006,0.041,10.3,6.917,5.756,111,0.9110,0.2500,1.1610
188.975412,-67.538704,6.005,0.053,13.7,6.639,5.808,111,0.6340,0.1970,0.8310
216.124138,-70.825462,6.008,0.023,18.7,6.687,5.824,111,0.6790,0.1840,0.8630
215.420489,-55.950985,6.007,0.039,14.3,6.956,5.720,111,0.9490,0.2870,1.2360
219.465524,-56.147747,6.009,0.043,16.2,7.064,5.468,111,1.0550,0.5410,1.5960
284.149881,-8.552120,6.008,0.023,14.5,6.921,5.740,111,0.9130,0.2680,1.1810
282.704679,-5.563381,6.001,0.019,10.6,7.107,5.608,111,1.1060,0.3930,1.4990
280.671411,-9.995977,6.008,0.017,11.8,7.200,5.472,111,1.1920,0.5360,1.7280
240.711204,-34.130512,6.007,0.043,11.0,6.680,5.813,111,0.6730,0.1940,0.8670
251.263864,-33.454166,6.004,0.047,11.0,7.063,5.539,111,1.0590,0.4650,1.5240
104.248606,18.066969,6.008,0.003,11.6,6.930,5.621,111,0.9220,0.3870,1.3090
106.472158,14.932105,6.005,0.033,13.6,6.588,5.896,111,0.5830,0.1090,0.6920
94.047765,45.469353,6.003,0.015,20.3,6.902,5.621,111,0.8990,0.3820,1.2810
97.550678,44.838516,6.009,0.017,17.5,6.776,5.834,111,0.7670,0.1750,0.9420
102.630150,37.342445,6.001,0.007,29.7,6.719,5.776,111,0.7180,0.2250,0.9430
107.782099,47.910709,6.004,0.009,10.5,6.481,5.913,111,0.4770,0.0910,0.5680
117.973973,29.179794,6.003,0.021,50.4,6.421,5.874,111,0.4180,0.1290,0.5470
117.755618,30.261892,6.001,0.009,28.2,6.421,5.884,111,0.4200,0.1170,0.5370
112.063708,35.088867,6.002,0.037,11.5,6.513,5.901,111,0.5110,0.1010,0.6120
119.751386,51.039513,6.006,0.009,12.2,6.679,5.836,111,0.6730,0.1700,0.8430
127.649701,46.286186,6.006,0.009,13.2,6.496,5.903,111,0.4900,0.1030,0.5930
284.171887,21.691113,6.008,0.009,11.2,6.855,5.746,111,0.8470,0.2620,1.1090
288.435754,15.478742,6.003,0.017,12.8,7.033,5.627,111,1.0300,0.3760,1.4060
288.703405,16.283955,6.009,0.027,12.9,6.741,5.802,111,0.7320,0.2070,0.9390
288.061284,14.685577,6.009,0.007,15.1,7.167,5.575,111,1.1580,0.4340,1.5920
171.385747,-70.397041,6.004,0.049,14.2,6.871,5.757,111,0.8670,0.2470,1.1140
173.604288,-70.206741,6.007,0.029,14.7,7.022,5.539,111,1.0150,0.4680,1.4830
170.487086,-77.608414,6.006,0.043,27.8,6.069,5.969,111,0.0630,0.0370,0.1000
170.961879,-72.937180,6.001,0.039,18.4,7.139,5.285,111,1.1380,0.7160,1.8540
170.302543,-73.762062,6.009,0.033,11.3,6.617,5.767,111,0.6080,0.2420,0.8500
170.506167,-74.457581,6.008,0.045,19.6,6.874,5.703,111,0.8660,0.3050,1.1710
109.667550,-72.319580,6.001,0.025,11.7,6.966,5.696,111,0.9650,0.3050,1.2700
134.011352,-76.171120,6.008,0.025,17.9,6.950,5.687,111,0.9420,0.3210,1.2630
118.663229,-24.522467,6.001,0.039,18.4,6.561,5.837,111,0.5600,0.1640,0.7240
120.614300,-29.468943,6.001,0.031,12.6,6.834,5.716,111,0.8330,0.2850,1.1180
125.036637,-25.075195,6.006,0.051,20.2,6.805,5.679,111,0.7990,0.3270,1.1260
127.464539,-33.395748,6.007,0.043,13.3,6.981,5.682,111,0.9740,0.3250,1.2990
124.283597,-45.505116,6.002,0.019,16.7,6.708,5.846,111,0.7060,0.1560,0.8620
114.920787,-50.894939,6.008,0.039,16.0,6.543,5.865,111,0.5350,0.1430,0.6780
124.487894,-50.440826,6.003,0.035,20.4,7.068,5.515,111,1.0650,0.4880,1.5530
113.468203,-28.567694,6.003,0.043,21.2,6.145,5.949,111,0.1420,0.0540,0.1960
277.159614,-13.321026,6.004,0.059,12.7,7.173,5.481,111,1.1690,0.5230,1.6920
276.798042,-13.590909,6.002,0.015,10.4,6.930,5.673,111,0.9280,0.3290,1.2570
271.503210,-12.070480,6.001,0.027,13.9,7.165,5.605,111,1.1640,0.3960,1.5600
270.524788,-14.258012,6.005,0.025,13.2,7.394,5.288,111,1.3890,0.7170,2.1060
344.910295,54.227619,6.008,0.009,23.7,6.907,5.692,111,0.8990,0.3160,1.2150
340.233046,55.995811,6.003,0.021,18.7,7.011,5.650,111,1.0080,0.3530,1.3610
342.115727,54.153332,6.009,0.023,16.2,6.491,5.897,111,0.4820,0.1120,0.5940
347.469225,58.214722,6.008,0.003,22.6,7.032,5.648,111,1.0240,0.3600,1.3840
338.585131,58.044731,6.006,0.021,22.0,6.786,5.784,111,0.7800,0.2220,1.0020
114.640266,-33.313370,6.005,0.041,10.4,6.848,5.730,111,0.8430,0.2750,1.1180
114.932601,-38.139317,6.005,0.031,18.1,5.919,5.983,111,-0.0860,0.0220,-0.0640
106.294460,-36.912472,6.009,0.023,16.7,6.976,5.632,111,0.9670,0.3770,1.3440
110.265429,-37.624500,6.001,0.041,21.0,6.901,5.632,111,0.9000,0.3690,1.2690
108.469910,-45.754292,6.004,0.041,18.3,6.707,5.774,111,0.7030,0.2300,0.9330
281.317332,-1.070670,6.008,0.015,10.7,6.554,5.868,111,0.5460,0.1400,0.6860
283.636434,-0.446076,6.005,0.043,12.0,7.044,5.533,111,1.0390,0.4720,1.5110
67.914221,46.044178,6.001,0.015,19.7,6.862,5.745,111,0.8610,0.2560,1.1170
52.053697,51.286713,6.004,0.025,11.6,7.118,5.559,111,1.1140,0.4450,1.5590
56.523994,44.701466,6.003,0.017,13.2,6.931,5.656,111,0.9280,0.3470,1.2750
67.889551,51.151829,6.008,0.013,14.0,7.258,5.519,111,1.2500,0.4890,1.7390
63.721253,25.813757,6.001,0.031,12.5,6.901,5.662,111,0.9000,0.3390,1.2390
310.578841,57.757839,6.003,0.013,24.4,6.419,5.904,111,0.4160,0.0990,0.5150
312.610129,59.131859,6.002,0.027,18.5,6.928,5.698,111,0.9260,0.3040,1.2300
306.898019,63.732128,6.003,0.007,20.2,6.872,5.750,111,0.8690,0.2530,1.1220
332.663926,64.070389,6.006,0.031,15.3,6.840,5.782,111,0.8340,0.2240,1.0580
341.503324,65.214760,6.007,0.031,21.7,7.207,5.558,111,1.2000,0.4490,1.6490
279.288108,-17.580378,6.004,0.031,10.5,7.058,5.555,111,1.0540,0.4490,1.5030
278.385694,-20.623480,6.002,0.033,13.2,6.679,5.765,111,0.6770,0.2370,0.9140
277.469206,-21.098616,6.005,0.031,14.4,7.127,5.597,111,1.1220,0.4080,1.5300
283.229917,-12.698076,6.007,0.051,13.6,6.961,5.641,111,0.9540,0.3660,1.3200
282.589368,-16.270830,6.006,0.029,13.9,7.059,5.655,111,1.0530,0.3510,1.4040
199.659965,-62.532642,6.001,0.023,11.1,7.107,5.554,111,1.1060,0.4470,1.5530
199.318179,-63.110119,6.006,0.027,12.0,6.966,5.622,111,0.9600,0.3840,1.3440
196.882892,-62.678089,6.008,0.049,16.7,6.597,5.682,111,0.5890,0.3260,0.9150
184.753033,-61.398167,6.007,0.033,13.9,7.173,5.586,111,1.1660,0.4210,1.5870
181.972708,-61.139408,6.007,0.025,11.0,6.880,5.708,111,0.8730,0.2990,1.1720
189.108069,-59.681183,6.007,0.045,10.5,7.050,5.502,111,1.0430,0.5050,1.5480
189.864476,-60.456238,6.002,0.037,14.0,7.032,5.662,111,1.0300,0.3400,1.3700
184.735119,-60.227978,6.002,0.039,15.2,7.025,5.630,111,1.0230,0.3720,1.3950
189.638092,-61.221287,6.001,0.029,13.7,6.912,5.646,111,0.9110,0.3550,1.2660
185.604807,-63.439342,6.003,0.013,14.3,7.050,5.488,111,1.0470,0.5150,1.5620
328.649589,66.617310,6.003,0.033,16.9,7.036,5.650,111,1.0330,0.3530,1.3860
336.583348,69.645981,6.006,0.031,20.5,7.065,5.631,111,1.0590,0.3750,1.4340
308.849128,69.788612,6.009,0.017,26.0,6.878,5.773,111,0.8690,0.2360,1.1050
324.950241,67.983444,6.001,0.035,23.8,6.961,5.681,111,0.9600,0.3200,1.2800
333.359514,56.041878,6.006,0.039,16.4,7.147,5.589,111,1.1410,0.4170,1.5580
337.899268,55.240341,6.004,0.009,12.3,6.561,5.858,111,0.5570,0.1460,0.7030
335.296018,54.538589,6.007,0.015,17.0,6.514,5.905,111,0.5070,0.1020,0.6090
334.556144,58.199436,6.001,0.029,11.9,6.621,5.894,111,0.6200,0.1070,0.7270
333.025884,56.641918,6.004,0.021,15.7,6.964,5.719,111,0.9600,0.2850,1.2450
286.930222,12.437200,6.002,0.029,13.8,7.208,5.458,111,1.2060,0.5440,1.7500
282.295076,16.321150,6.004,0.013,14.9,6.494,5.861,111,0.4900,0.1430,0.6330
288.814097,15.869077,6.005,0.055,14.2,7.116,5.465,111,1.1110,0.5400,1.6510
289.295256,15.624267,6.008,0.041,11.3,7.246,5.540,111,1.2380,0.4680,1.7060
288.655488,12.618392,6.009,0.049,11.1,7.028,5.623,111,1.0190,0.3860,1.4050
268.749141,-31.599417,6.008,0.047,11.1,6.937,5.635,111,0.9290,0.3730,1.3020
269.646523,-30.168436,6.002,0.045,14.1,6.961,5.644,111,0.9590,0.3580,1.3170
266.737928,-41.234215,6.001,0.037,11.8,6.887,5.709,111,0.8860,0.2920,1.1780
267.732787,-34.389233,6.005,0.041,10.6,6.767,5.775,111,0.7620,0.2300,0.9920
266.010592,-36.800400,6.002,0.015,16.0,7.189,5.523,111,1.1870,0.4790,1.6660
307.240958,27.889938,6.005,0.027,18.5,6.605,5.826,111,0.6000,0.1790,0.7790
307.638744,26.720650,6.006,0.017,24.8,7.078,5.648,111,1.0720,0.3580,1.4300
305.730809,37.239178,6.009,0.009,11.1,6.859,5.721,111,0.8500,0.2880,1.1380
301.391073,33.736977,6.007,0.039,12.7,6.369,5.743,111,0.3620,0.2640,0.6260
100.409239,21.945471,6.004,0.013,21.6,6.859,5.724,111,0.8550,0.2800,1.1350
96.986135,20.496296,6.001,0.007,21.5,6.000,5.974,111,-0.0010,0.0270,0.0260
99.071160,18.379583,6.006,0.003,21.4,6.935,5.694,111,0.9290,0.3120,1.2410
85.142312,45.966316,6.006,0.045,24.4,6.602,5.784,111,0.5960,0.2220,0.8180
70.233168,51.482880,6.009,0.031,20.5,7.412,5.321,111,1.4030,0.6880,2.0910
76.937623,49.762608,6.002,0.037,27.3,6.978,5.642,111,0.9760,0.3600,1.3360
74.724203,48.467705,6.007,0.027,22.3,6.992,5.724,111,0.9850,0.2830,1.2680
76.657257,39.902828,6.002,0.011,19.8,6.673,5.849,111,0.6710,0.1530,0.8240
164.305835,-51.616699,6.007,0.015,17.4,6.937,5.759,111,0.9300,0.2480,1.1780
164.071393,-51.324574,6.009,0.029,26.4,6.747,5.834,111,0.7380,0.1750,0.9130
179.610440,-55.668606,6.004,0.029,16.5,6.844,5.756,111,0.8400,0.2480,1.0880
175.746447,-54.904640,6.001,0.017,10.8,6.679,5.849,111,0.6780,0.1520,0.8300
175.549448,-51.427227,6.001,0.029,10.4,6.899,5.685,111,0.8980,0.3160,1.2140
238.821434,-45.222435,6.004,0.045,14.8,7.208,5.397,111,1.2040,0.6070,1.8110
235.820198,-45.626991,6.004,0.037,19.3,6.902,5.710,111,0.8980,0.2940,1.1920
234.090792,-49.112545,6.005,0.015,13.7,6.871,5.594,111,0.8660,0.4110,1.2770
233.883176,-48.863506,6.003,0.031,16.0,7.103,5.453,111,1.1000,0.5500,1.6500
173.893631,-56.443405,6.001,0.043,14.7,7.125,5.420,111,1.1240,0.5810,1.7050
161.295439,-56.043968,6.008,0.031,16.0,6.900,5.722,111,0.8920,0.2860,1.1780
162.474834,-57.230267,6.002,0.023,19.6,7.039,5.488,111,1.0370,0.5140,1.5510
166.239859,-59.858906,6.007,0.043,14.9,6.073,5.923,111,0.0660,0.0840,0.1500
216.851619,-6.120362,6.007,0.027,58.1,5.977,5.921,111,-0.0300,0.0860,0.0560
217.699142,-8.646269,6.007,0.041,25.6,6.616,5.769,111,0.6090,0.2380,0.8470
204.830193,-11.065369,6.006,0.047,17.7,6.585,5.874,111,0.5790,0.1320,0.7110
211.241029,-6.874316,6.008,0.027,34.1,6.497,5.916,111,0.4890,0.0920,0.5810
201.899290,-18.032137,6.009,0.027,39.1,6.614,5.890,111,0.6050,0.1190,0.7240
317.949032,-2.601541,6.008,0.043,37.3,6.570,5.857,111,0.5620,0.1510,0.7130
331.522202,-5.358106,6.003,0.037,17.4,6.326,5.884,111,0.3230,0.1190,0.4420
332.958660,-9.745290,6.004,0.035,68.2,6.624,5.851,111,0.6200,0.1530,0.7730
359.044478,-39.052406,6.007,0.021,37.0,6.510,5.907,111,0.5030,0.1000,0.6030
359.373755,-28.038599,6.002,0.031,20.4,6.470,5.865,111,0.4680,0.1370,0.6050
341.682044,-25.397381,6.008,0.027,15.7,6.553,5.860,111,0.5450,0.1480,0.6930
342.004602,-28.520452,6.004,0.025,32.0,6.549,5.906,111,0.5450,0.0980,0.6430
336.499385,-14.951735,6.007,0.017,13.4,6.385,5.833,111,0.3780,0.1740,0.5520
339.527763,-2.898578,6.006,0.029,53.8,6.547,5.898,111,0.5410,0.1080,0.6490
78.914971,24.508003,6.008,0.013,26.9,6.925,5.750,111,0.9170,0.2580,1.1750
77.587323,26.100737,6.009,0.015,17.2,7.072,5.664,111,1.0630,0.3450,1.4080
76.628986,28.787500,6.004,0.037,22.7,6.710,5.779,111,0.7060,0.2250,0.9310
78.297406,33.848782,6.007,0.045,17.7,7.184,5.490,111,1.1770,0.5170,1.6940
81.374888,32.885643,6.006,0.015,16.6,7.086,5.584,111,1.0800,0.4220,1.5020
268.517349,-32.892986,6.005,0.019,11.5,7.072,5.616,111,1.0670,0.3890,1.4560
266.889625,-32.389282,6.005,0.015,13.8,7.808,5.091,111,1.8030,0.9140,2.7170
262.902387,-31.546612,6.007,0.045,12.6,6.795,5.780,111,0.7880,0.2270,1.0150
264.528798,-30.406281,6.001,0.017,10.2,7.946,4.961,111,1.9450,1.0400,2.9850
263.161474,-32.669937,6.007,0.013,10.3,7.319,5.465,111,1.3120,0.5420,1.8540
84.565952,38.606602,6.005,0.015,18.5,6.509,5.871,111,0.5040,0.1340,0.6380
70.565754,29.887241,6.003,0.015,35.4,7.025,5.601,111,1.0220,0.4020,1.4240
71.680016,29.884426,6.003,0.013,13.9,6.896,5.721,111,0.8930,0.2820,1.1750
89.871243,22.580763,6.009,0.021,26.1,6.905,5.738,111,0.8960,0.2710,1.1670
320.251316,-62.349483,6.005,0.025,34.5,6.570,5.879,111,0.5650,0.1260,0.6910
275.243254,-67.344978,6.001,0.027,25.8,6.640,5.788,111,0.6390,0.2130,0.8520
330.882453,-68.058838,6.007,0.033,71.8,6.741,5.750,111,0.7340,0.2570,0.9910
313.939972,-65.175064,6.001,0.041,15.4,6.429,5.842,111,0.4280,0.1590,0.5870
343.910972,-2.842278,6.001,0.043,16.6,6.586,5.822,111,0.5850,0.1790,0.7640
280.752272,-4.224707,6.009,0.021,11.0,7.001,5.605,111,0.9920,0.4040,1.3960
274.967213,-11.287503,6.007,0.039,15.5,6.257,5.928,111,0.2500,0.0790,0.3290
296.666294,37.476536,6.005,0.037,17.6,6.684,5.805,111,0.6790,0.2000,0.8790
299.079195,34.111305,6.009,0.013,14.8,7.007,5.687,111,0.9980,0.3220,1.3200
288.987654,33.006447,6.008,0.019,14.8,6.873,5.794,111,0.8650,0.2140,1.0790
294.106027,35.417721,6.001,0.015,11.2,6.906,5.672,111,0.9050,0.3290,1.2340
243.946975,53.236717,6.007,0.017,23.6,6.142,5.947,111,0.1350,0.0600,0.1950
249.760785,53.146961,6.004,0.009,11.1,6.722,5.838,111,0.7180,0.1660,0.8840
256.154735,57.271938,6.006,0.019,15.8,6.761,5.763,111,0.7550,0.2430,0.9980
240.088121,67.627380,6.001,0.011,40.9,6.159,5.971,111,0.1580,0.0300,0.1880
220.647215,72.859894,6.009,0.015,28.2,6.676,5.817,111,0.6670,0.1920,0.8590
216.638947,2.026553,6.008,0.047,13.9,6.733,5.839,111,0.7250,0.1690,0.8940
207.962464,11.937207,6.001,0.061,22.2,6.107,5.884,111,0.1060,0.1170,0.2230
183.614644,23.661224,6.004,0.023,15.4,6.247,5.930,111,0.2430,0.0740,0.3170
282.722825,4.861564,6.008,0.033,14.4,7.672,5.170,111,1.6640,0.8380,2.5020
283.244737,4.591717,6.001,0.021,12.1,7.969,4.883,111,1.9680,1.1180,3.0860
286.932752,1.947771,6.008,0.023,10.9,7.022,5.612,111,1.0140,0.3960,1.4100
250.197541,-45.656063,6.006,0.035,12.3,7.396,5.424,111,1.3900,0.5820,1.9720
250.807217,-45.089394,6.008,0.037,10.7,7.167,5.475,111,1.1590,0.5330,1.6920
247.140299,-45.190395,6.001,0.023,11.8,7.184,5.464,111,1.1830,0.5370,1.7200
53.513840,-60.141155,6.006,0.035,44.4,6.491,5.883,111,0.4850,0.1230,0.6080
53.352817,-60.014744,6.009,0.039,26.2,6.964,5.729,111,0.9550,0.2800,1.2350
7.938227,-68.358047,6.007,0.029,12.0,6.551,5.842,111,0.5440,0.1650,0.7090
81.262462,-68.003197,6.009,0.023,11.4,6.492,5.947,111,0.4830,0.0620,0.5450
280.028472,-7.497789,6.002,0.031,14.4,7.462,5.339,111,1.4600,0.6630,2.1230
278.462251,-11.022466,6.004,0.027,13.3,7.221,5.601,111,1.2170,0.4030,1.6200
280.244475,-9.511966,6.008,0.043,10.2,7.415,5.280,111,1.4070,0.7280,2.1350
276.229255,-5.650663,6.004,0.037,16.1,7.111,5.422,111,1.1070,0.5820,1.6890
270.199486,-40.675201,6.004,0.015,22.8,6.791,5.724,111,0.7870,0.2800,1.0670
273.707961,-41.106979,6.009,0.011,18.5,6.782,5.651,111,0.7730,0.3580,1.1310
270.466170,-34.289833,6.005,0.041,12.8,6.957,5.692,111,0.9520,0.3130,1.2650
270.121030,-38.731068,6.007,0.033,13.4,6.373,5.907,111,0.3660,0.1000,0.4660
277.214405,6.292106,6.001,0.035,16.8,6.999,5.602,111,0.9980,0.3990,1.3970
307.303600,2.802408,6.001,0.021,19.0,6.849,5.663,111,0.8480,0.3380,1.1860
296.838890,23.100950,6.003,0.063,13.0,7.067,5.584,111,1.0640,0.4190,1.4830
296.504908,20.181824,6.008,0.033,12.4,7.232,5.259,111,1.2240,0.7490,1.9730
187.533408,-56.550716,6.005,0.055,21.8,7.300,5.123,111,1.2950,0.8820,2.1770
196.510190,-59.243679,6.006,0.019,13.3,7.054,5.559,111,1.0480,0.4470,1.4950
194.186484,-58.695988,6.001,0.023,16.3,6.991,5.630,111,0.9900,0.3710,1.3610
197.617874,-58.022758,6.004,0.031,18.1,7.042,5.460,111,1.0380,0.5440,1.5820
223.136164,-56.725777,6.007,0.035,12.5,7.320,5.250,111,1.3130,0.7570,2.0700
225.121072,-56.105652,6.002,0.025,16.7,7.057,5.539,111,1.0550,0.4630,1.5180
220.450107,-58.381695,6.002,0.027,10.7,7.050,5.553,111,1.0480,0.4490,1.4970
297.128778,34.634315,6.001,0.013,15.1,6.562,5.823,111,0.5610,0.1780,0.7390
294.709487,31.835171,6.001,0.023,16.9,6.507,5.897,111,0.5060,0.1040,0.6100
309.622428,53.465847,6.006,0.047,13.0,6.981,5.643,111,0.9750,0.3630,1.3380
307.816007,51.023174,6.009,0.031,13.0,6.844,5.705,111,0.8350,0.3040,1.1390
217.514972,-60.849686,6.002,0.023,14.4,6.582,5.829,111,0.5800,0.1730,0.7530
217.691882,-62.747913,6.003,0.029,12.1,6.998,5.639,111,0.9950,0.3640,1.3590
240.324164,-62.538502,6.009,0.063,10.5,6.897,5.740,111,0.8880,0.2690,1.1570
234.248879,-60.637051,6.002,0.045,11.5,7.054,5.405,111,1.0520,0.5970,1.6490
230.279436,-63.125980,6.008,0.033,13.6,7.160,5.484,111,1.1520,0.5240,1.6760
230.337487,-62.879551,6.008,0.035,15.0,6.980,5.669,111,0.9720,0.3390,1.3110
230.641932,-61.922646,6.007,0.055,12.2,6.592,5.830,111,0.5850,0.1770,0.7620
259.392512,16.590668,6.001,0.027,24.5,6.820,5.509,111,0.8190,0.4920,1.3110
193.395803,73.047066,6.004,0.017,29.9,6.564,5.847,111,0.5600,0.1570,0.7170
267.330550,72.811150,6.007,0.009,53.9,6.701,5.804,111,0.6940,0.2030,0.8970
262.232710,75.585228,6.005,0.013,61.2,6.821,5.825,111,0.8160,0.1800,0.9960
267.853520,74.569099,6.007,0.029,23.8,6.112,5.948,111,0.1050,0.0590,0.1640
238.829401,73.815300,6.005,0.011,43.8,6.649,5.851,111,0.6440,0.1540,0.7980
194.858229,52.756649,6.001,0.013,91.9,6.869,5.793,111,0.8680,0.2080,1.0760
184.739905,51.163879,6.004,0.015,33.2,6.753,5.784,111,0.7490,0.2200,0.9690
264.126964,48.989769,6.003,0.053,38.8,6.517,5.831,111,0.5140,0.1720,0.6860
289.140203,2.374418,6.006,0.027,16.9,7.119,5.499,111,1.1130,0.5070,1.6200
281.717825,9.233211,6.001,0.019,12.1,6.953,5.683,111,0.9520,0.3180,1.2700
283.267949,8.078932,6.008,0.025,13.0,6.636,5.809,111,0.6280,0.1990,0.8270
259.852328,-26.882303,6.002,0.015,10.4,6.957,5.697,111,0.9550,0.3050,1.2600
259.457869,-33.569595,6.001,0.023,12.1,7.106,5.626,111,1.1050,0.3750,1.4800
256.213753,-30.927631,6.007,0.029,14.9,7.064,5.568,111,1.0570,0.4390,1.4960
256.016019,-31.613308,6.009,0.043,14.6,6.994,5.604,111,0.9850,0.4050,1.3900
258.807376,-31.954521,6.003,0.021,10.2,7.207,5.307,111,1.2040,0.6960,1.9000
256.509625,-26.026703,6.004,0.035,16.5,6.921,5.619,111,0.9170,0.3850,1.3020
269.507012,39.494247,6.005,0.013,43.1,6.815,5.723,111,0.8100,0.2820,1.0920
261.917360,35.450329,6.002,0.019,17.4,6.725,5.852,111,0.7230,0.1500,0.8730
251.638697,25.185673,6.009,0.011,15.4,6.766,5.833,111,0.7570,0.1760,0.9330
265.736690,29.228930,6.007,0.031,24.4,6.735,5.813,111,0.7280,0.1940,0.9220
198.635883,-59.538319,6.001,0.019,16.3,7.102,5.457,111,1.1010,0.5440,1.6450
201.769677,-56.549629,6.003,0.051,10.5,7.050,5.529,111,1.0470,0.4740,1.5210
271.667263,-43.226200,6.008,0.033,14.6,6.988,5.531,111,0.9800,0.4770,1.4570
77.535265,-76.139549,6.006,0.027,35.0,6.621,5.853,111,0.6150,0.1530,0.7680
0.380625,-72.605904,6.006,0.029,19.7,6.621,5.891,111,0.6150,0.1150,0.7300
36.962979,-77.418556,6.005,0.037,66.1,6.527,5.889,111,0.5220,0.1160,0.6380
86.549386,-50.871586,6.001,0.043,51.5,6.492,5.855,111,0.4910,0.1460,0.6370
285.894311,5.275168,6.004,0.015,13.1,6.735,5.724,111,0.7310,0.2800,1.0110
277.871098,12.948034,6.001,0.013,30.0,6.796,5.770,111,0.7950,0.2310,1.0260
275.517769,15.570843,6.007,0.013,11.8,6.912,5.596,111,0.9050,0.4110,1.3160
272.619801,15.641923,6.001,0.017,34.4,6.673,5.831,111,0.6720,0.1700,0.8420
226.925044,-57.108021,6.007,0.021,10.6,7.334,5.522,111,1.3270,0.4850,1.8120
207.376251,-62.922043,6.001,0.023,15.8,6.826,5.727,111,0.8250,0.2740,1.0990
213.549551,-62.862400,6.007,0.043,14.1,6.933,5.665,111,0.9260,0.3420,1.2680
219.731917,-63.469059,6.005,0.025,13.9,7.253,5.457,111,1.2480,0.5480,1.7960
294.243352,7.820103,6.004,0.023,15.7,6.916,5.633,111,0.9120,0.3710,1.2830
297.076431,6.379141,6.002,0.037,24.9,6.901,5.508,111,0.8990,0.4940,1.3930
296.065679,5.401435,6.009,0.011,16.2,6.793,5.702,111,0.7840,0.3070,1.0910
296.946569,1.882777,6.001,0.035,13.5,6.977,5.503,111,0.9760,0.4980,1.4740
299.916160,12.118345,6.009,0.031,12.2,6.932,5.723,111,0.9230,0.2860,1.2090
298.695730,9.593279,6.004,0.019,15.5,6.929,5.665,111,0.9250,0.3390,1.2640
301.830906,2.842924,6.001,0.037,13.8,6.842,5.661,111,0.8410,0.3400,1.1810
144.238416,-55.788795,6.004,0.035,14.6,7.188,5.525,111,1.1840,0.4790,1.6630
142.691178,-55.346672,6.009,0.043,13.0,6.927,5.607,111,0.9180,0.4020,1.3200
152.975304,-60.927475,6.001,0.039,14.3,6.923,5.613,111,0.9220,0.3880,1.3100
145.140677,-60.022362,6.006,0.043,14.2,7.008,5.622,111,1.0020,0.3840,1.3860
228.753482,-53.902885,6.005,0.023,10.7,6.978,5.660,111,0.9730,0.3450,1.3180
62.500380,40.889797,6.007,0.037,12.5,7.055,5.705,111,1.0480,0.3020,1.3500
72.758985,38.007923,6.005,0.007,11.2,7.068,5.621,111,1.0630,0.3840,1.4470
70.900441,38.608822,6.001,0.013,17.3,6.990,5.665,111,0.9890,0.3360,1.3250
67.183622,45.960411,6.006,0.013,13.4,7.475,5.261,111,1.4690,0.7450,2.2140
286.713245,-17.349773,6.009,0.033,16.2,6.807,5.702,111,0.7980,0.3070,1.1050
288.356904,-13.844727,6.002,0.023,17.1,6.929,5.689,111,0.9270,0.3130,1.2400
350.948748,-71.466690,6.007,0.023,24.7,6.876,5.743,111,0.8690,0.2640,1.1330
324.706958,-74.125320,6.003,0.023,15.6,6.778,5.773,111,0.7750,0.2300,1.0050
270.911141,-68.336494,6.002,0.023,25.2,6.715,5.758,111,0.7130,0.2440,0.9570
270.850995,-70.334862,6.006,0.015,30.6,6.936,5.595,111,0.9300,0.4110,1.3410
275.142279,-73.818008,6.004,0.037,16.3,6.711,5.817,111,0.7070,0.1870,0.8940
155.553048,-57.398975,6.008,0.047,12.2,6.853,5.755,111,0.8450,0.2530,1.0980
150.314419,-55.337704,6.005,0.045,23.3,7.118,5.574,111,1.1130,0.4310,1.5440
145.257823,-58.293167,6.008,0.035,15.5,7.007,5.577,111,0.9990,0.4310,1.4300
150.174718,-56.196136,6.009,0.041,11.9,7.653,5.273,111,1.6440,0.7360,2.3800
174.220426,-64.947441,6.006,0.033,15.9,6.992,5.639,111,0.9860,0.3670,1.3530
177.789346,-59.262280,6.004,0.047,13.3,7.185,5.309,111,1.1810,0.6950,1.8760
158.756538,-62.104187,6.007,0.027,15.8,7.164,5.386,111,1.1570,0.6210,1.7780
279.708091,10.730169,6.004,0.021,21.9,6.973,5.577,111,0.9690,0.4270,1.3960
277.187213,10.867269,6.007,0.043,16.4,6.924,5.559,111,0.9170,0.4480,1.3650
279.336115,10.612006,6.001,0.013,13.8,6.674,5.855,111,0.6730,0.1460,0.8190
272.219443,10.936442,6.008,0.017,13.4,6.823,5.781,111,0.8150,0.2270,1.0420
279.619989,-60.224586,6.009,0.015,23.8,6.781,5.833,111,0.7720,0.1760,0.9480
275.594826,-62.771290,6.003,0.027,18.4,6.810,5.802,111,0.8070,0.2010,1.0080
279.639144,-62.831547,6.009,0.043,17.3,6.892,5.622,111,0.8830,0.3870,1.2700
274.119028,-57.447151,6.005,0.021,15.0,6.176,5.950,111,0.1710,0.0550,0.2260
89.245872,-28.759193,6.004,0.017,29.9,6.436,5.857,111,0.4320,0.1470,0.5790
78.913969,-26.441893,6.008,0.013,52.7,6.500,5.859,111,0.4920,0.1490,0.6410
80.591494,-30.511499,6.008,0.031,28.5,6.863,5.715,111,0.8550,0.2930,1.1480
88.976141,-21.703947,6.006,0.031,55.9,6.885,5.677,111,0.8790,0.3290,1.2080
1.563059,-24.503414,6.005,0.041,14.2,6.657,5.817,111,0.6520,0.1880,0.8400
25.217215,-6.162648,6.009,0.031,26.7,6.523,5.883,111,0.5140,0.1260,0.6400
8.329766,-19.497393,6.008,0.035,17.6,6.545,5.828,111,0.5370,0.1800,0.7170
13.664972,-21.473104,6.001,0.023,40.4,6.619,5.852,111,0.6180,0.1490,0.7670
83.914406,-81.611832,6.005,0.023,24.0,6.213,5.962,111,0.2080,0.0430,0.2510
82.729701,17.505713,6.008,0.017,21.6,7.013,5.652,111,1.0050,0.3560,1.3610
76.006802,12.934662,6.003,0.029,37.2,6.859,5.742,111,0.8560,0.2610,1.1170
73.914901,19.589733,6.008,0.019,19.2,6.810,5.750,111,0.8020,0.2580,1.0600
13.966442,73.442688,6.007,0.025,27.6,6.995,5.634,111,0.9880,0.3730,1.3610
144.256061,-29.673412,6.001,0.025,30.2,6.937,5.725,111,0.9360,0.2760,1.2120
141.062383,-39.368622,6.004,0.045,31.3,6.800,5.816,111,0.7960,0.1880,0.9840
132.820690,-39.960033,6.001,0.035,19.5,6.842,5.765,111,0.8410,0.2360,1.0770
129.207191,-33.930805,6.003,0.015,17.9,6.718,5.731,111,0.7150,0.2720,0.9870
294.927804,30.653219,6.002,0.015,12.5,6.700,5.846,111,0.6980,0.1560,0.8540
302.854682,38.400078,6.001,0.019,15.1,6.365,5.915,111,0.3640,0.0860,0.4500
157.721115,-61.363365,6.001,0.033,17.4,6.847,5.696,111,0.8460,0.3050,1.1510
165.506015,-59.862335,6.006,0.021,10.4,7.274,5.396,111,1.2680,0.6100,1.8780
163.494774,-60.687565,6.004,0.031,14.2,6.470,5.822,111,0.4660,0.1820,0.6480
168.789735,-57.311859,6.005,0.047,14.7,6.745,5.762,111,0.7400,0.2430,0.9830
170.632363,-56.780605,6.004,0.025,17.9,6.429,5.837,111,0.4250,0.1670,0.5920
344.985023,-60.825615,6.004,0.025,22.1,6.494,5.886,111,0.4900,0.1180,0.6080
270.168161,-46.678307,6.009,0.033,19.3,6.870,5.742,111,0.8610,0.2670,1.1280
242.349638,2.541907,6.001,0.027,54.1,6.529,5.860,111,0.5280,0.1410,0.6690
242.270999,20.620062,6.005,0.007,14.4,6.772,5.803,111,0.7670,0.2020,0.9690
235.492971,7.064167,6.009,0.023,24.9,6.564,5.868,111,0.5550,0.1410,0.6960
267.299033,20.197273,6.007,0.013,20.7,6.477,5.899,111,0.4700,0.1080,0.5780
133.920650,-50.984573,6.001,0.029,12.5,6.998,5.674,111,0.9970,0.3270,1.3240
342.951845,-44.784592,6.003,0.045,77.5,6.513,5.851,111,0.5100,0.1520,0.6620
340.561962,-34.277447,6.008,0.027,20.0,6.460,5.901,111,0.4520,0.1070,0.5590
333.810657,-48.693981,6.008,0.029,29.9,6.558,5.892,111,0.5500,0.1160,0.6660
328.435274,-43.235855,6.002,0.035,42.6,6.714,5.805,111,0.7120,0.1970,0.9090
324.112987,-48.055225,6.001,0.017,75.8,6.798,5.771,111,0.7970,0.2300,1.0270
325.805599,-49.067699,6.006,0.049,46.7,6.857,5.719,111,0.8510,0.2870,1.1380
330.781124,-43.232441,6.009,0.031,21.0,6.545,5.866,111,0.5360,0.1430,0.6790
315.609929,-2.502823,6.002,0.037,13.1,6.743,5.737,111,0.7410,0.2650,1.0060
308.375709,-11.445525,6.007,0.033,22.6,6.759,5.811,111,0.7520,0.1960,0.9480
320.494029,-10.315129,6.009,0.015,46.5,6.612,5.814,111,0.6030,0.1950,0.7980
303.223696,-22.990753,6.007,0.029,38.4,6.414,5.869,111,0.4070,0.1380,0.5450
267.873506,-27.136328,6.002,0.023,11.1,7.353,5.457,111,1.3510,0.5450,1.8960
299.959887,51.667351,6.003,0.029,25.5,6.746,5.857,111,0.7430,0.1460,0.8890
298.966463,53.292538,6.001,0.013,14.2,6.978,5.639,111,0.9770,0.3620,1.3390
303.608611,40.329140,6.004,0.009,12.4,6.151,5.909,111,0.1470,0.0950,0.2420
302.790599,45.920345,6.004,0.023,18.7,6.831,5.736,111,0.8270,0.2680,1.0950
304.687421,44.068199,6.001,0.045,28.5,7.200,5.600,111,1.1990,0.4010,1.6000
307.329967,47.558304,6.001,0.007,14.9,6.585,5.861,111,0.5840,0.1400,0.7240
303.386315,52.827000,6.004,0.029,20.5,6.604,5.877,111,0.6000,0.1270,0.7270
301.250004,50.537971,6.005,0.061,11.0,7.000,5.760,111,0.9950,0.2450,1.2400
301.418496,48.566795,6.001,0.053,13.5,6.233,5.875,111,0.2320,0.1260,0.3580
39.030489,-70.807213,6.009,0.013,73.5,6.640,5.817,111,0.6310,0.1920,0.8230
47.209530,-64.565247,6.004,0.023,21.7,6.116,5.945,111,0.1120,0.0590,0.1710
51.287581,-65.005333,6.003,0.043,39.2,6.571,5.866,111,0.5680,0.1370,0.7050
81.583231,-4.703973,6.008,0.023,53.8,6.821,5.834,111,0.8130,0.1740,0.9870
264.922452,-26.861769,6.006,0.025,13.3,7.379,5.480,111,1.3730,0.5260,1.8990
254.635868,-29.669733,6.005,0.033,13.5,6.976,5.678,111,0.9710,0.3270,1.2980
107.169873,-55.631783,6.007,0.023,13.0,6.916,5.791,111,0.9090,0.2160,1.1250
138.864382,-58.745819,6.002,0.039,10.7,6.994,5.602,111,0.9920,0.4000,1.3920
132.764246,-57.768276,6.002,0.029,14.3,6.526,5.801,111,0.5240,0.2010,0.7250
164.117697,-64.188560,6.008,0.039,11.9,7.184,5.464,111,1.1760,0.5440,1.7200
167.270029,-64.514168,6.008,0.033,13.4,7.058,5.586,111,1.0500,0.4220,1.4720
175.942104,-61.631184,6.001,0.053,11.9,7.107,5.503,111,1.1060,0.4980,1.6040
269.097863,1.739188,6.007,0.027,29.6,6.965,5.740,111,0.9580,0.2670,1.2250
267.452081,0.998091,6.003,0.033,23.7,6.952,5.585,111,0.9490,0.4180,1.3670
268.238217,8.699762,6.008,0.023,12.6,6.806,5.842,111,0.7980,0.1660,0.9640
268.278057,6.998668,6.005,0.029,14.9,6.979,5.716,111,0.9740,0.2890,1.2630
266.097385,12.211023,6.002,0.015,23.2,6.833,5.752,111,0.8310,0.2500,1.0810
65.301485,75.188545,6.008,0.015,25.5,6.950,5.673,111,0.9420,0.3350,1.2770
68.474946,76.418900,6.004,0.015,29.7,6.677,5.821,111,0.6730,0.1830,0.8560
85.752785,73.985832,6.008,0.027,15.3,6.101,5.944,111,0.0930,0.0640,0.1570
16.158644,51.397659,6.009,0.011,11.2,6.847,5.764,111,0.8380,0.2450,1.0830
8.773367,53.965687,6.008,0.037,16.8,6.907,5.669,111,0.8990,0.3390,1.2380
40.647928,56.548672,6.008,0.007,14.4,6.831,5.746,111,0.8230,0.2620,1.0850
130.485610,-45.509769,6.005,0.033,13.7,6.948,5.657,111,0.9430,0.3480,1.2910
131.663485,-47.179333,6.001,0.009,14.7,7.001,5.471,111,1.0000,0.5300,1.5300
139.626925,-31.064617,6.005,0.037,23.6,6.945,5.631,111,0.9400,0.3740,1.3140
143.664698,-25.147327,6.009,0.035,16.3,6.487,5.878,111,0.4780,0.1310,0.6090
238.096391,-51.361191,6.009,0.025,11.3,6.676,5.807,111,0.6670,0.2020,0.8690
235.764262,-50.471039,6.006,0.029,15.3,6.887,5.750,111,0.8810,0.2560,1.1370
237.068923,-48.746071,6.001,0.023,10.1,6.931,5.669,111,0.9300,0.3320,1.2620
236.943460,-49.359505,6.003,0.047,11.2,6.954,5.714,111,0.9510,0.2890,1.2400
241.661917,-40.135899,6.005,0.017,16.4,7.016,5.619,111,1.0110,0.3860,1.3970
68.696087,6.450862,6.002,0.025,26.3,6.711,5.867,111,0.7090,0.1350,0.8440
77.070082,21.945518,6.007,0.009,27.1,6.940,5.552,111,0.9330,0.4550,1.3880
77.824488,22.116907,6.007,0.013,38.1,6.290,5.848,111,0.2830,0.1590,0.4420
78.246857,13.964580,6.006,0.019,29.9,6.614,5.838,111,0.6080,0.1680,0.7760
297.964078,41.110500,6.003,0.017,16.5,6.557,5.846,111,0.5540,0.1570,0.7110
298.576828,41.531185,6.004,0.007,14.1,6.579,5.914,111,0.5750,0.0900,0.6650
289.924017,48.738888,6.003,0.035,18.6,6.843,5.722,111,0.8400,0.2810,1.1210
291.830244,50.402660,6.002,0.011,11.6,6.504,5.885,111,0.5020,0.1170,0.6190
291.782294,41.048172,6.005,0.043,14.2,6.513,5.871,111,0.5080,0.1340,0.6420
225.889926,-59.474705,6.009,0.007,10.9,7.305,5.473,111,1.2960,0.5360,1.8320
228.367910,-61.046841,6.002,0.043,14.3,7.069,5.561,111,1.0670,0.4410,1.5080
225.188166,-61.062374,6.005,0.033,14.4,7.103,5.473,111,1.0980,0.5320,1.6300
272.831502,-34.876694,6.008,0.023,18.7,6.546,5.885,111,0.5380,0.1230,0.6610
271.304052,-39.373024,6.001,0.015,11.5,6.935,5.569,111,0.9340,0.4320,1.3660
274.504545,-37.253235,6.007,0.045,10.2,6.886,5.745,111,0.8790,0.2620,1.1410
164.813151,-57.238533,6.009,0.053,14.2,7.082,5.556,111,1.0730,0.4530,1.5260
91.548235,-45.815983,6.007,0.035,21.7,6.273,5.922,111,0.2660,0.0850,0.3510
91.715445,-52.880962,6.007,0.017,18.1,6.545,5.877,111,0.5380,0.1300,0.6680
109.538851,-52.149895,6.001,0.031,13.6,6.721,5.758,111,0.7200,0.2430,0.9630
98.179350,-59.263981,6.004,0.023,17.0,6.638,5.851,111,0.6340,0.1530,0.7870
97.480344,-59.590729,6.004,0.045,36.0,6.124,5.917,111,0.1200,0.0870,0.2070
98.763878,-60.371014,6.005,0.033,46.3,6.703,5.780,111,0.6980,0.2250,0.9230
113.996847,-54.590141,6.009,0.037,15.6,6.886,5.678,111,0.8770,0.3310,1.2080
137.357402,-36.734291,6.009,0.035,18.4,6.952,5.699,111,0.9430,0.3100,1.2530
132.481770,-36.616135,6.001,0.019,19.0,6.210,5.953,111,0.2090,0.0480,0.2570
136.925880,-36.403034,6.006,0.021,22.4,6.936,5.681,111,0.9300,0.3250,1.2550
132.824716,-36.369213,6.007,0.025,12.4,7.191,5.347,111,1.1840,0.6600,1.8440
184.058655,-12.020734,6.006,0.027,36.0,6.545,5.885,111,0.5390,0.1210,0.6600
192.288048,-5.445027,6.007,0.025,15.0,6.730,5.907,111,0.7230,0.1000,0.8230
183.739281,-41.139450,6.008,0.017,33.6,6.310,5.925,111,0.3020,0.0830,0.3850
246.846856,-39.764122,6.003,0.023,19.1,7.105,5.680,111,1.1020,0.3230,1.4250
245.837575,-40.100899,6.009,0.025,16.5,7.108,5.553,111,1.0990,0.4560,1.5550
246.251332,-43.412464,6.002,0.037,11.8,6.711,5.757,111,0.7090,0.2450,0.9540
226.991055,-4.167196,6.006,0.037,30.9,6.866,5.681,111,0.8600,0.3250,1.1850
229.744964,-7.904285,6.002,0.041,23.0,6.630,5.847,111,0.6280,0.1550,0.7830
223.205364,-24.292040,6.002,0.027,89.8,6.726,5.786,111,0.7240,0.2160,0.9400
107.224650,-18.184265,6.007,0.027,13.1,6.239,5.869,111,0.2320,0.1380,0.3700
109.557964,-16.582823,6.007,0.027,12.9,6.971,5.583,111,0.9640,0.4240,1.3880
110.415738,-16.133242,6.004,0.019,13.3,6.717,5.797,111,0.7130,0.2070,0.9200
107.091067,-13.173122,6.006,0.029,15.0,6.691,5.725,111,0.6850,0.2810,0.9660
163.739232,-85.427216,6.004,0.059,27.7,6.828,5.776,111,0.8240,0.2280,1.0520
179.819518,-69.472542,6.001,0.013,13.5,6.774,5.744,111,0.7730,0.2570,1.0300
101.865278,10.056033,6.005,0.023,13.6,6.985,5.678,111,0.9800,0.3270,1.3070
103.113608,9.608982,6.005,0.023,22.6,6.865,5.767,111,0.8600,0.2380,1.0980
105.636354,2.600643,6.006,0.035,29.3,6.709,5.788,111,0.7030,0.2180,0.9210
93.286884,13.498654,6.004,0.007,17.5,6.495,5.846,111,0.4910,0.1580,0.6490
277.076047,20.511658,6.007,0.039,20.8,6.698,5.776,111,0.6910,0.2310,0.9220
278.269674,18.964746,6.006,0.013,12.1,6.713,5.797,111,0.7070,0.2090,0.9160
292.020243,2.781183,6.007,0.025,13.9,7.011,5.664,111,1.0040,0.3430,1.3470
292.916095,5.850650,6.004,0.017,13.5,6.965,5.691,111,0.9610,0.3130,1.2740
293.166268,10.374115,6.009,0.017,11.9,6.498,5.880,111,0.4890,0.1290,0.6180
240.843120,-67.797607,6.003,0.021,18.0,6.856,5.507,111,0.8530,0.4960,1.3490
235.129590,-68.804794,6.006,0.051,12.0,6.849,5.745,111,0.8430,0.2610,1.1040
77.604369,55.726887,6.005,0.013,19.5,6.867,5.720,111,0.8620,0.2850,1.1470
41.949023,56.683849,6.006,0.065,12.1,7.186,5.655,111,1.1800,0.3510,1.5310
39.731798,59.035789,6.001,0.011,15.1,7.046,5.504,111,1.0450,0.4970,1.5420
50.231413,59.396034,6.006,0.023,16.4,7.003,5.705,111,0.9970,0.3010,1.2980
48.522178,59.563431,6.003,0.029,15.4,6.073,5.936,111,0.0700,0.0670,0.1370
323.250999,-30.140495,6.001,0.035,19.1,6.582,5.901,111,0.5810,0.1000,0.6810
312.554409,-38.241081,6.009,0.019,33.9,6.664,5.853,111,0.6550,0.1560,0.8110
309.609070,-35.300629,6.001,0.019,12.5,6.765,5.818,111,0.7640,0.1830,0.9470
354.768105,0.123617,6.001,0.047,29.6,6.770,5.780,111,0.7690,0.2210,0.9900
358.993272,21.165968,6.002,0.005,17.0,6.109,5.948,111,0.1070,0.0540,0.1610
344.828595,4.358540,6.007,0.013,52.1,6.235,5.948,111,0.2280,0.0590,0.2870
356.599760,42.363335,6.006,0.013,16.5,6.922,5.755,111,0.9160,0.2510,1.1670
347.914977,36.794647,6.004,0.047,22.7,6.513,5.860,111,0.5090,0.1440,0.6530
352.548340,36.333668,6.002,0.011,39.9,6.711,5.895,111,0.7090,0.1070,0.8160
341.379647,30.561941,6.008,0.011,11.5,6.524,5.895,111,0.5160,0.1130,0.6290
344.479765,30.284946,6.001,0.009,36.1,6.773,5.837,111,0.7720,0.1640,0.9360
268.576110,-47.426907,6.003,0.027,19.4,6.588,5.824,111,0.5850,0.1790,0.7640
265.957849,-48.671692,6.003,0.011,11.0,6.926,5.610,111,0.9230,0.3930,1.3160
259.073448,-53.745937,6.002,0.031,13.3,6.833,5.727,111,0.8310,0.2750,1.1060
258.671551,-52.005653,6.003,0.023,13.4,6.973,5.589,111,0.9700,0.4140,1.3840
255.338176,-51.771938,6.003,0.039,12.1,7.042,5.544,111,1.0390,0.4590,1.4980
267.796030,-53.130245,6.009,0.033,18.4,5.971,5.965,111,-0.0380,0.0440,0.0060
58.662635,58.708580,6.004,0.025,29.4,7.113,5.600,111,1.1090,0.4040,1.5130
56.883903,55.922020,6.008,0.015,11.7,5.977,5.980,111,-0.0310,0.0280,-0.0030
57.847600,57.571877,6.004,0.007,12.7,7.059,5.564,111,1.0550,0.4400,1.4950
80.412053,57.909149,6.003,0.005,10.5,6.922,5.752,111,0.9190,0.2510,1.1700
210.347030,-52.454506,6.007,0.029,16.2,6.980,5.619,111,0.9730,0.3880,1.3610
205.863379,-29.619625,6.006,0.029,25.2,6.816,5.739,111,0.8100,0.2670,1.0770
205.985995,-28.666019,6.009,0.039,32.5,6.473,5.900,111,0.4640,0.1090,0.5730
238.961021,-61.295494,6.003,0.035,10.6,6.971,5.649,111,0.9680,0.3540,1.3220
242.036919,-61.563896,6.006,0.025,11.4,6.567,5.838,111,0.5610,0.1680,0.7290
72.789382,-44.280193,6.005,0.043,22.3,6.558,5.895,111,0.5530,0.1100,0.6630
54.759151,-51.299713,6.007,0.029,57.1,6.896,5.852,111,0.8890,0.1550,1.0440
60.907656,-50.235638,6.003,0.019,17.2,6.561,5.863,111,0.5580,0.1400,0.6980
58.402734,-39.531780,6.003,0.025,60.3,6.499,5.857,111,0.4960,0.1460,0.6420
67.687933,-46.521732,6.007,0.033,32.8,6.717,5.851,111,0.7100,0.1560,0.8660
45.358316,-5.041418,6.008,0.021,44.5,6.795,5.716,111,0.7870,0.2920,1.0790
50.811490,-11.658801,6.009,0.033,33.0,6.757,5.745,111,0.7480,0.2640,1.0120
48.944460,-19.346401,6.007,0.023,55.9,6.762,5.795,111,0.7550,0.2120,0.9670
26.703149,-49.646698,6.002,0.027,127.2,6.520,5.893,111,0.5180,0.1090,0.6270
309.582583,34.205746,6.007,0.009,13.6,7.242,5.121,111,1.2350,0.8860,2.1210
311.277756,36.084965,6.001,0.015,15.8,7.005,5.625,111,1.0040,0.3760,1.3800
316.441147,27.558237,6.004,0.019,20.3,6.744,5.743,111,0.7400,0.2610,1.0010
319.702408,32.306618,6.005,0.011,15.5,6.723,5.816,111,0.7180,0.1890,0.9070
292.394877,-0.603628,6.006,0.019,12.2,6.983,5.576,111,0.9770,0.4300,1.4070
292.220045,-1.637426,6.002,0.033,17.2,6.934,5.532,111,0.9320,0.4700,1.4020
293.221566,-5.109139,6.002,0.029,16.7,6.973,5.734,111,0.9710,0.2680,1.2390
292.463065,-5.706311,6.002,0.033,13.3,6.949,5.551,111,0.9470,0.4510,1.3980
282.627034,-10.659022,6.006,0.029,17.4,7.018,5.587,111,1.0120,0.4190,1.4310
285.517399,-7.962234,6.009,0.023,11.2,7.009,5.654,111,1.0000,0.3550,1.3550
286.891568,-8.517493,6.004,0.051,13.3,6.776,5.728,111,0.7720,0.2760,1.0480
353.882846,59.922729,6.007,0.013,22.5,6.887,5.737,111,0.8800,0.2700,1.1500
348.908641,64.138695,6.005,0.049,15.0,7.042,5.663,111,1.0370,0.3420,1.3790
250.543660,-2.160089,6.007,0.045,14.8,6.502,5.827,111,0.4950,0.1800,0.6750
257.202417,-5.053894,6.006,0.045,20.8,6.938,5.626,111,0.9320,0.3800,1.3120
254.820362,-3.898808,6.006,0.033,47.6,6.883,5.757,111,0.8770,0.2490,1.1260
262.583320,-4.369424,6.006,0.055,11.0,6.121,5.942,111,0.1150,0.0640,0.1790
227.067105,-1.064640,6.005,0.041,26.2,6.635,5.861,111,0.6300,0.1440,0.7740
243.586150,-21.891615,6.001,0.047,25.7,6.987,5.647,111,0.9860,0.3540,1.3400
243.755655,-13.764897,6.002,0.047,36.4,6.978,5.667,111,0.9760,0.3350,1.3110
237.734323,-3.884326,6.003,0.029,17.5,6.936,5.671,111,0.9330,0.3320,1.2650
234.825592,-10.412155,6.005,0.041,77.4,6.802,5.757,111,0.7970,0.2480,1.0450
230.046966,-27.090736,6.001,0.017,16.1,6.782,5.748,111,0.7810,0.2530,1.0340
233.741961,-35.204227,6.001,0.037,34.1,7.003,5.575,111,1.0020,0.4260,1.4280
238.507363,-30.921000,6.006,0.035,13.7,6.795,5.770,111,0.7890,0.2360,1.0250
132.445281,2.745704,6.003,0.019,31.8,6.542,5.873,111,0.5390,0.1300,0.6690
116.843635,15.520778,6.001,0.011,34.6,6.497,5.886,111,0.4960,0.1150,0.6110
120.421909,12.775358,6.007,0.029,19.3,6.610,5.883,111,0.6030,0.1240,0.7270
120.480765,14.077962,6.002,0.035,10.7,6.806,5.773,111,0.8040,0.2290,1.0330
116.167420,3.552490,6.005,0.035,47.5,6.581,5.698,111,0.5760,0.3070,0.8830
116.916566,3.821851,6.004,0.033,21.9,6.683,5.872,111,0.6790,0.1320,0.8110
90.118772,35.312199,6.004,0.017,18.6,6.314,5.873,111,0.3100,0.1310,0.4410
102.357154,37.067650,6.007,0.013,15.1,6.660,5.865,111,0.6530,0.1420,0.7950
257.696976,-38.576824,6.006,0.027,14.4,8.356,4.881,111,2.3500,1.1250,3.4750
257.734368,-39.307995,6.003,0.029,10.8,7.320,5.445,111,1.3170,0.5580,1.8750
256.164272,-39.169636,6.002,0.029,10.7,7.299,5.408,111,1.2970,0.5940,1.8910
257.511564,-39.982262,6.001,0.037,10.7,6.782,5.622,111,0.7810,0.3790,1.1600
257.458272,-47.133919,6.007,0.023,10.1,7.103,5.640,111,1.0960,0.3670,1.4630
252.782537,-44.230125,6.007,0.033,11.3,7.079,5.597,111,1.0720,0.4100,1.4820
98.021233,13.883928,6.008,0.025,24.1,7.048,5.639,111,1.0400,0.3690,1.4090
97.537650,9.978555,6.003,0.031,28.3,7.120,5.571,111,1.1170,0.4320,1.5490
93.581176,10.138396,6.008,0.021,15.6,6.599,5.862,111,0.5910,0.1460,0.7370
98.400450,5.661142,6.006,0.037,11.2,6.455,5.904,111,0.4490,0.1020,0.5510
95.995737,7.259691,6.003,0.027,34.7,6.738,5.856,111,0.7350,0.1470,0.8820
124.373363,-3.107463,6.009,0.027,14.4,6.354,5.930,111,0.3450,0.0790,0.4240
126.920127,-4.414925,6.007,0.051,45.9,6.092,5.912,111,0.0850,0.0950,0.1800
121.246385,-15.288877,6.008,0.039,16.8,6.762,5.725,111,0.7540,0.2830,1.0370
305.907016,-9.132040,6.005,0.043,16.9,6.882,5.641,111,0.8770,0.3640,1.2410
295.063740,-2.659490,6.005,0.033,12.3,6.496,5.869,111,0.4910,0.1360,0.6270
261.592113,-63.638271,6.002,0.039,23.1,6.606,5.772,111,0.6040,0.2300,0.8340
260.668277,-63.219227,6.007,0.019,18.0,6.870,5.604,111,0.8630,0.4030,1.2660
247.058398,-58.274807,6.007,0.019,16.3,6.975,5.628,111,0.9680,0.3790,1.3470
248.144418,-58.933449,6.004,0.033,12.9,6.492,5.901,111,0.4880,0.1030,0.5910
251.575495,-59.775166,6.004,0.025,11.0,6.904,5.675,111,0.9000,0.3290,1.2290
260.412143,-59.364197,6.006,0.031,24.7,6.889,5.654,111,0.8830,0.3520,1.2350
343.474062,52.524063,6.003,0.025,18.0,6.720,5.840,111,0.7170,0.1630,0.8800
342.824983,52.511070,6.001,0.013,19.2,6.639,5.843,111,0.6380,0.1580,0.7960
349.454584,53.070023,6.006,0.017,24.7,6.921,5.712,111,0.9150,0.2940,1.2090
351.212306,49.668636,6.006,0.007,19.7,6.884,5.726,111,0.8780,0.2800,1.1580
357.204562,51.184063,6.003,0.017,17.8,6.779,5.799,111,0.7760,0.2040,0.9800
357.120106,64.609169,6.006,0.017,20.1,6.722,5.847,111,0.7160,0.1590,0.8750
344.038322,62.073544,6.001,0.017,11.4,6.929,5.681,111,0.9280,0.3200,1.2480
294.633304,19.993397,6.007,0.009,12.3,7.260,5.464,111,1.2530,0.5430,1.7960
288.665047,19.425997,6.009,0.023,13.5,7.205,5.460,111,1.1960,0.5490,1.7450
287.655802,19.964100,6.008,0.011,10.7,6.959,5.723,111,0.9510,0.2850,1.2360
287.552822,22.121794,6.003,0.011,11.0,6.868,5.742,111,0.8650,0.2610,1.1260
291.412681,-10.414589,6.006,0.029,20.7,6.948,5.610,111,0.9420,0.3960,1.3380
324.578901,35.637070,6.009,0.017,23.1,6.934,5.584,111,0.9250,0.4250,1.3500
325.433037,35.074001,6.006,0.007,15.4,6.719,5.800,111,0.7130,0.2060,0.9190
318.046337,29.432404,6.004,0.029,15.7,6.864,5.676,111,0.8600,0.3280,1.1880
321.738178,30.638073,6.006,0.009,23.6,6.720,5.830,111,0.7140,0.1760,0.8900
317.916913,50.307350,6.001,0.029,10.3,7.091,5.648,111,1.0900,0.3530,1.4430
317.825842,49.893089,6.005,0.061,15.0,7.312,5.513,111,1.3070,0.4920,1.7990
316.432968,49.267700,6.007,0.027,19.1,6.853,5.708,111,0.8460,0.2990,1.1450
20.658445,25.473206,6.005,0.013,37.4,6.784,5.833,111,0.7790,0.1720,0.9510
12.853808,32.657158,6.001,0.015,58.6,6.227,5.951,111,0.2260,0.0500,0.2760
7.084424,33.911423,6.002,0.009,34.6,6.853,5.735,111,0.8510,0.2670,1.1180
7.426731,30.644539,6.001,0.007,42.0,6.763,5.777,111,0.7620,0.2240,0.9860
25.826498,21.500319,6.005,0.007,15.2,6.671,5.888,111,0.6660,0.1170,0.7830
19.209890,21.051805,6.001,0.035,80.3,6.207,5.982,111,0.2060,0.0190,0.2250
15.389841,11.942099,6.007,0.037,16.0,6.815,5.731,111,0.8080,0.2760,1.0840
3.376003,46.418247,6.001,0.025,13.7,6.821,5.740,111,0.8200,0.2610,1.0810
73.132930,69.617348,6.005,0.037,47.9,6.480,5.916,111,0.4750,0.0890,0.5640
61.005542,65.665459,6.003,0.017,22.4,7.397,5.363,111,1.3940,0.6400,2.0340
24.476538,63.744099,6.002,0.029,14.2,6.951,5.730,111,0.9490,0.2720,1.2210
97.265692,-41.625992,6.002,0.017,48.6,6.571,5.897,111,0.5690,0.1050,0.6740
97.285772,-42.674446,6.001,0.017,12.5,6.404,5.901,111,0.4030,0.1000,0.5030
101.734102,-38.092709,6.005,0.029,23.1,6.564,5.830,111,0.5590,0.1750,0.7340
123.851315,-52.568005,6.001,0.027,19.2,6.690,5.762,111,0.6890,0.2390,0.9280
295.063715,17.810558,6.004,0.035,11.8,6.944,5.781,111,0.9400,0.2230,1.1630
291.234065,16.476261,6.003,0.015,14.3,7.390,5.344,111,1.3870,0.6590,2.0460
292.461084,17.813036,6.004,0.023,12.2,7.154,5.531,111,1.1500,0.4730,1.6230
294.673184,18.484016,6.005,0.021,14.9,7.014,5.642,111,1.0090,0.3630,1.3720
292.819995,19.680517,6.008,0.015,10.7,7.195,5.376,111,1.1870,0.6320,1.8190
331.393985,40.503502,6.003,0.033,25.5,7.027,5.731,111,1.0240,0.2720,1.2960
331.682814,39.882137,6.002,0.027,28.1,6.737,5.810,111,0.7350,0.1920,0.9270
339.905324,37.397537,6.007,0.015,27.3,6.477,5.932,111,0.4700,0.0750,0.5450
326.325181,27.361420,6.009,0.021,43.7,6.520,5.902,111,0.5110,0.1070,0.6180
323.688762,33.152130,6.005,0.013,16.2,6.508,5.908,111,0.5030,0.0970,0.6000
322.618848,34.680256,6.005,0.013,11.4,6.659,5.831,111,0.6540,0.1740,0.8280
326.978920,34.531925,6.002,0.041,28.8,6.693,5.808,111,0.6910,0.1940,0.8850
348.467204,28.298168,6.003,0.013,19.2,6.724,5.767,111,0.7210,0.2360,0.9570
332.495492,22.041451,6.002,0.065,24.2,6.961,5.771,111,0.9590,0.2310,1.1900
334.827781,12.254126,6.004,0.009,11.8,6.802,5.765,111,0.7980,0.2390,1.0370
331.553017,14.857541,6.005,0.005,29.4,6.457,5.865,111,0.4520,0.1400,0.5920
330.283210,15.603873,6.002,0.023,13.6,6.746,5.734,111,0.7440,0.2680,1.0120
325.276137,11.016935,6.002,0.029,11.2,6.879,5.703,111,0.8770,0.2990,1.1760
336.700398,19.962057,6.009,0.031,19.4,6.663,5.814,111,0.6540,0.1950,0.8490
50.647858,66.558601,6.009,0.019,33.5,7.101,5.642,111,1.0920,0.3670,1.4590
2.710978,5.088806,6.003,0.055,58.4,6.489,5.805,111,0.4860,0.1980,0.6840
4.260281,2.371436,6.003,0.041,25.4,6.557,5.828,111,0.5540,0.1750,0.7290
6.726173,8.562753,6.002,0.019,12.6,6.595,5.875,111,0.5930,0.1270,0.7200
330.068841,49.796047,6.009,0.021,12.2,6.662,5.818,111,0.6530,0.1910,0.8440
328.267142,46.881893,6.003,0.047,11.5,7.004,5.501,111,1.0010,0.5020,1.5030
327.184813,50.468601,6.006,0.047,14.0,6.824,5.792,111,0.8180,0.2140,1.0320
334.608360,37.447887,6.006,0.013,55.8,6.513,5.893,111,0.5070,0.1130,0.6200
110.811089,-17.684311,6.008,0.031,14.0,6.639,5.771,111,0.6310,0.2370,0.8680
113.592397,-16.190514,6.002,0.027,13.5,6.977,5.576,111,0.9750,0.4260,1.4010
112.741422,-20.476398,6.001,0.031,14.2,7.008,5.551,111,1.0070,0.4500,1.4570
112.429941,-4.461445,6.001,0.027,11.5,6.798,5.723,111,0.7970,0.2780,1.0750
105.155242,-10.627783,6.004,0.043,13.4,7.026,5.687,111,1.0220,0.3170,1.3390
105.618377,-10.051344,6.009,0.023,21.0,7.175,5.510,111,1.1660,0.4990,1.6650
105.404279,27.044895,6.006,0.009,15.9,6.895,5.699,111,0.8890,0.3070,1.1960
104.471748,26.568825,6.009,0.067,35.9,6.566,5.907,111,0.5570,0.1020,0.6590
311.262827,79.238640,6.004,0.019,14.3,6.308,5.922,111,0.3040,0.0820,0.3860
272.678150,54.559624,6.005,0.025,14.5,6.446,5.878,111,0.4410,0.1270,0.5680
303.958463,56.032146,6.008,0.013,23.5,6.692,5.847,111,0.6840,0.1610,0.8450
292.105606,55.679607,6.001,0.039,21.0,6.769,5.792,111,0.7680,0.2090,0.9770
107.753833,37.296295,6.005,0.041,55.1,6.496,5.922,111,0.4910,0.0830,0.5740
129.730551,12.057216,6.009,0.013,20.3,6.666,5.836,111,0.6570,0.1730,0.8300
151.297204,21.970779,6.007,0.041,27.3,6.512,5.849,111,0.5050,0.1580,0.6630
142.556069,21.248598,6.007,0.013,101.5,6.863,5.744,111,0.8560,0.2630,1.1190
130.669152,22.108992,6.002,0.015,15.3,6.709,5.775,111,0.7070,0.2270,0.9340
123.976630,18.561386,6.008,0.011,15.5,6.793,5.779,111,0.7850,0.2290,1.0140
163.710452,42.859146,6.004,0.007,46.4,6.632,5.909,111,0.6280,0.0950,0.7230
168.900789,42.339355,6.009,0.019,58.7,6.429,5.891,111,0.4200,0.1180,0.5380
143.581550,46.902031,6.002,0.017,17.3,6.044,5.951,111,0.0420,0.0510,0.0930
151.252889,49.038109,6.005,0.011,13.2,6.795,null,119,0.7900,-,-
275.969050,-21.245876,6.007,0.031,12.3,7.219,5.366,111,1.2120,0.6410,1.8530
275.711928,-22.301533,6.003,0.027,11.5,7.071,5.594,111,1.0680,0.4090,1.4770
274.944761,-20.286406,6.003,0.031,10.3,7.328,5.443,111,1.3250,0.5600,1.8850
273.513089,-19.950426,6.006,0.027,10.8,7.402,5.423,111,1.3960,0.5830,1.9790
273.381775,-21.417658,6.004,0.029,11.6,7.124,5.580,111,1.1200,0.4240,1.5440
282.775389,-23.051500,6.007,0.017,17.3,6.593,5.819,111,0.5860,0.1880,0.7740
281.754453,-21.852625,6.005,0.047,15.0,6.941,5.605,111,0.9360,0.4000,1.3360
277.814340,-23.003302,6.005,0.029,13.3,6.863,5.748,111,0.8580,0.2570,1.1150
113.022875,-28.403936,6.007,0.039,15.6,6.689,5.789,111,0.6820,0.2180,0.9000
112.918261,-36.856525,6.006,0.021,30.1,6.638,5.864,111,0.6320,0.1420,0.7740
109.904153,-31.295879,6.008,0.015,23.2,6.890,5.621,111,0.8820,0.3870,1.2690
119.040602,-38.448132,6.002,0.029,16.4,7.132,5.517,111,1.1300,0.4850,1.6150
120.838981,-36.304062,6.002,0.027,12.9,7.029,5.648,111,1.0270,0.3540,1.3810
307.847821,30.555231,6.005,0.019,17.7,6.930,5.673,111,0.9250,0.3320,1.2570
304.392357,31.869728,6.005,0.033,13.7,7.566,5.061,111,1.5610,0.9440,2.5050
303.528513,31.272446,6.003,0.023,13.2,7.634,5.354,111,1.6310,0.6490,2.2800
302.426440,30.421610,6.005,0.029,13.1,6.816,5.821,111,0.8110,0.1840,0.9950
304.189551,27.593071,6.003,0.007,13.0,7.156,5.482,111,1.1530,0.5210,1.6740
305.745299,27.447994,6.007,0.019,13.3,7.095,5.352,111,1.0880,0.6550,1.7430
241.496738,-51.864124,6.005,0.023,10.8,7.644,5.039,111,1.6390,0.9660,2.6050
244.221207,-49.856750,6.003,0.021,14.0,6.316,5.863,111,0.3130,0.1400,0.4530
244.760533,-50.382626,6.001,0.045,12.8,7.035,5.617,111,1.0340,0.3840,1.4180
236.454333,-41.729572,6.009,0.035,18.5,6.949,5.669,111,0.9400,0.3400,1.2800
260.060820,-37.703793,6.008,0.021,10.9,7.123,5.515,111,1.1150,0.4930,1.6080
264.431214,-36.683586,6.003,0.039,10.5,7.318,5.423,111,1.3150,0.5800,1.8950
266.924157,-38.139530,6.007,0.029,16.3,6.890,5.675,111,0.8830,0.3320,1.2150
256.931437,-35.930866,6.006,0.053,14.5,7.784,4.938,111,1.7780,1.0680,2.8460
258.927351,-38.220257,6.003,0.013,10.4,7.037,5.551,111,1.0340,0.4520,1.4860
260.161896,-38.669048,6.003,0.009,10.8,7.201,5.486,111,1.1980,0.5170,1.7150
294.459922,-41.728039,6.003,0.021,17.6,6.726,5.781,111,0.7230,0.2220,0.9450
307.218329,-32.096596,6.006,0.041,14.7,6.741,5.806,111,0.7350,0.2000,0.9350
309.659294,-45.256695,6.009,0.015,31.3,6.836,5.743,111,0.8270,0.2660,1.0930
177.101041,-6.328471,6.006,0.027,20.1,6.879,5.751,111,0.8730,0.2550,1.1280
174.767583,-14.863082,6.009,0.033,55.8,6.657,5.830,111,0.6480,0.1790,0.8270
147.399270,-16.643284,6.003,0.049,52.2,6.547,5.852,111,0.5440,0.1510,0.6950
177.686293,-40.865681,6.009,0.029,25.4,6.567,5.847,111,0.5580,0.1620,0.7200
260.669340,-21.535822,6.003,0.035,17.7,7.071,5.579,111,1.0680,0.4240,1.4920
259.495383,-18.101265,6.006,0.029,18.2,6.973,5.649,111,0.9670,0.3570,1.3240
194.299776,-73.690887,6.002,0.029,10.1,6.774,5.841,111,0.7720,0.1610,0.9330
196.239501,-74.549973,6.004,0.037,12.6,6.834,5.740,111,0.8300,0.2640,1.0940
220.557772,-75.143242,6.009,0.029,11.9,6.977,5.585,111,0.9680,0.4240,1.3920
256.771300,-80.091927,6.005,0.025,41.9,6.821,5.771,111,0.8160,0.2340,1.0500
227.212214,-78.530876,6.009,0.021,19.5,6.824,5.797,111,0.8150,0.2120,1.0270
218.220445,-54.384838,6.006,0.031,17.9,7.122,5.493,111,1.1160,0.5130,1.6290
218.509211,-53.663715,6.002,0.023,21.7,6.867,5.743,111,0.8650,0.2590,1.1240
219.581607,-51.866863,6.005,0.031,15.9,7.100,5.501,111,1.0950,0.5040,1.5990
214.627171,-41.930424,6.004,0.015,21.2,6.928,5.660,111,0.9240,0.3440,1.2680
210.581324,-45.919933,6.008,0.035,13.8,6.930,5.654,111,0.9220,0.3540,1.2760
215.468805,-46.110081,6.004,0.015,16.1,6.919,5.710,111,0.9150,0.2940,1.2090
210.305527,-43.407707,6.005,0.017,14.3,6.848,5.743,111,0.8430,0.2620,1.1050
199.782650,-40.919746,6.002,0.033,18.6,6.788,5.775,111,0.7860,0.2270,1.0130
202.300158,-38.972218,6.001,0.031,25.1,6.902,5.691,111,0.9010,0.3100,1.2110
202.824168,-46.998344,6.009,0.007,15.8,6.918,5.677,111,0.9090,0.3320,1.2410
200.532730,-44.374535,6.002,0.041,34.5,6.943,5.664,111,0.9410,0.3380,1.2790
200.273565,-43.812576,6.003,0.049,40.7,6.777,5.721,111,0.7740,0.2820,1.0560
212.084758,-27.703924,6.007,0.037,11.9,6.676,5.817,111,0.6690,0.1900,0.8590
217.715195,-27.053776,6.008,0.031,53.7,6.583,5.821,111,0.5750,0.1870,0.7620
13.291725,59.172455,6.009,0.007,13.6,6.986,5.692,111,0.9770,0.3170,1.2940
89.335424,47.346371,6.001,0.011,11.7,6.914,5.745,111,0.9130,0.2560,1.1690
85.180999,61.864956,6.005,0.049,36.4,6.854,5.788,111,0.8490,0.2170,1.0660
77.677887,63.597225,6.008,0.011,11.9,6.102,5.955,111,0.0940,0.0530,0.1470
246.386038,52.527103,6.001,0.013,34.4,6.882,5.747,111,0.8810,0.2540,1.1350
241.573947,53.294373,6.006,0.021,24.2,6.518,5.899,111,0.5120,0.1070,0.6190
249.656621,35.892551,6.005,0.013,18.0,6.500,5.888,111,0.4950,0.1170,0.6120
244.077756,41.694458,6.008,0.017,18.9,6.828,5.815,111,0.8200,0.1930,1.0130
250.953769,44.214153,6.007,0.017,34.4,6.633,5.846,111,0.6260,0.1610,0.7870
225.955379,26.038765,6.006,0.005,83.0,6.208,5.911,111,0.2020,0.0950,0.2970
232.796277,27.338911,6.004,0.015,78.0,6.546,5.879,111,0.5420,0.1250,0.6670
259.875220,-30.967299,6.009,0.039,10.1,7.311,5.379,111,1.3020,0.6300,1.9320
251.241603,-20.893206,6.002,0.029,13.3,6.897,5.686,111,0.8950,0.3160,1.2110
246.471903,-17.504532,6.006,0.023,15.5,7.027,5.614,111,1.0210,0.3920,1.4130
248.995953,-21.239777,6.008,0.031,13.9,6.919,5.733,111,0.9110,0.2750,1.1860
184.758421,26.008312,6.004,0.047,102.6,6.082,5.981,111,0.0780,0.0230,0.1010
201.795203,28.874294,6.004,0.013,125.4,6.487,5.896,111,0.4830,0.1080,0.5910
197.867681,26.386946,6.007,0.039,31.5,6.541,5.915,111,0.5340,0.0920,0.6260
185.160817,20.064787,6.008,0.023,82.8,6.519,5.883,111,0.5110,0.1250,0.6360
187.673961,21.229031,6.008,0.037,13.1,6.774,5.799,111,0.7660,0.2090,0.9750
202.797014,32.514507,6.002,0.061,44.7,6.508,5.891,111,0.5060,0.1110,0.6170
211.398455,44.340336,6.005,0.017,12.9,6.436,5.891,111,0.4310,0.1140,0.5450
229.149178,9.713000,6.007,0.033,49.7,6.105,5.916,111,0.0980,0.0910,0.1890
220.740506,7.613612,6.004,0.047,22.8,6.483,5.849,111,0.4790,0.1550,0.6340
224.670421,6.340636,6.006,0.041,51.9,6.812,5.834,111,0.8060,0.1720,0.9780
230.864650,19.893770,6.004,0.041,49.0,6.856,5.845,111,0.8520,0.1590,1.0110
219.361260,19.801878,6.009,0.041,95.1,6.555,5.940,111,0.5460,0.0690,0.6150
280.830511,-38.586060,6.006,0.025,11.0,6.845,5.648,111,0.8390,0.3580,1.1970
283.102537,-43.089161,6.003,0.019,24.8,6.865,5.797,111,0.8620,0.2060,1.0680
285.096198,-44.776604,6.001,0.035,19.3,6.889,5.678,111,0.8880,0.3230,1.2110
282.034283,-43.969391,6.003,0.017,13.6,6.859,5.728,111,0.8560,0.2750,1.1310
308.543172,-47.837280,6.004,0.039,63.8,6.737,5.772,111,0.7330,0.2320,0.9650
263.854751,-32.141762,6.001,0.033,10.6,7.635,5.241,111,1.6340,0.7600,2.3940
228.997658,-48.274734,6.002,0.019,27.7,6.950,5.467,111,0.9480,0.5350,1.4830
233.278217,-43.800495,6.003,0.023,19.1,6.942,5.691,111,0.9390,0.3120,1.2510
308.522650,22.415297,6.004,0.025,12.3,6.934,5.712,111,0.9300,0.2920,1.2220
306.172755,24.379484,6.007,0.019,17.3,6.783,5.794,111,0.7760,0.2130,0.9890
304.635721,22.230761,6.006,0.009,10.1,6.864,5.747,111,0.8580,0.2590,1.1170
305.914255,23.323175,6.008,0.013,16.9,6.897,5.676,111,0.8890,0.3320,1.2210
306.485617,19.535305,6.003,0.029,21.9,6.639,5.882,111,0.6360,0.1210,0.7570
308.572760,14.173900,6.007,0.011,10.5,6.767,5.772,111,0.7600,0.2350,0.9950
315.223630,12.506973,6.004,0.035,13.0,6.693,5.785,111,0.6890,0.2190,0.9080
274.034229,-24.263868,6.008,0.015,15.5,6.964,5.683,111,0.9560,0.3250,1.2810
271.010808,-24.647984,6.006,0.039,13.4,7.333,5.373,111,1.3270,0.6330,1.9600
270.097137,-30.800730,6.004,0.017,13.2,6.997,5.700,111,0.9930,0.3040,1.2970
305.083118,-16.982304,6.001,0.029,14.7,6.828,5.782,111,0.8270,0.2190,1.0460
304.267906,-15.524342,6.004,0.019,12.9,6.682,5.841,111,0.6780,0.1630,0.8410
320.506637,-21.624388,6.009,0.035,48.7,6.898,5.601,111,0.8890,0.4080,1.2970
319.881714,-23.772202,6.001,0.033,65.5,6.527,5.817,111,0.5260,0.1840,0.7100
274.187106,-45.159313,6.005,0.027,16.3,6.872,5.616,111,0.8670,0.3890,1.2560
277.529792,-41.307739,6.003,0.043,12.9,6.607,5.791,111,0.6040,0.2120,0.8160
277.518255,-43.833927,6.005,0.021,13.3,6.226,5.959,111,0.2210,0.0460,0.2670
274.662169,-44.450935,6.005,0.029,15.1,6.839,5.704,111,0.8340,0.3010,1.1350
299.237982,19.767122,6.002,0.035,14.6,6.951,5.683,111,0.9490,0.3190,1.2680
299.426130,18.361473,6.007,0.013,10.6,6.979,5.584,111,0.9720,0.4230,1.3950
301.171650,14.318210,6.004,0.035,19.2,6.830,5.756,111,0.8260,0.2480,1.0740
165.550205,84.770493,6.003,0.017,16.0,6.776,5.826,111,0.7730,0.1770,0.9500
95.779940,78.396545,6.003,0.015,24.8,6.510,5.916,111,0.5070,0.0870,0.5940
122.866975,81.768295,6.006,0.043,37.7,6.888,5.741,111,0.8820,0.2650,1.1470
100.805430,53.039497,6.007,0.021,41.7,6.722,5.819,111,0.7150,0.1880,0.9030
99.313975,53.475479,6.005,0.017,19.1,6.419,5.896,111,0.4140,0.1090,0.5230
117.760284,53.741619,6.002,0.013,60.6,6.683,5.848,111,0.6810,0.1540,0.8350
122.370285,55.255817,6.004,0.007,16.1,6.121,5.962,111,0.1170,0.0420,0.1590
93.256660,62.693703,6.004,0.051,15.1,6.833,5.777,111,0.8290,0.2270,1.0560
96.996674,-14.525073,6.004,0.023,17.3,6.962,5.743,111,0.9580,0.2610,1.2190
102.280481,-5.541911,6.003,0.039,15.5,7.014,5.652,111,1.0110,0.3510,1.3620
106.858532,-3.720111,6.006,0.027,13.9,6.986,5.591,111,0.9800,0.4150,1.3950
90.801786,-22.742561,6.004,0.047,13.2,6.499,5.851,111,0.4950,0.1530,0.6480
94.548718,-29.183731,6.009,0.029,17.0,6.671,5.787,111,0.6620,0.2220,0.8840
91.633667,-28.457687,6.002,0.039,23.7,6.449,5.851,111,0.4470,0.1510,0.5980
101.237985,-26.011263,6.008,0.023,25.0,6.839,5.757,111,0.8310,0.2510,1.0820
102.886491,-29.375048,6.006,0.025,12.9,6.462,5.892,111,0.4560,0.1140,0.5700
262.688524,-12.518955,6.008,0.035,11.7,7.106,5.559,111,1.0980,0.4490,1.5470
264.906960,-13.224591,6.005,0.031,16.2,6.906,5.382,111,0.9010,0.6230,1.5240
266.267742,-16.461863,6.004,0.027,10.8,6.933,5.644,111,0.9290,0.3600,1.2890
261.359557,-8.828520,6.009,0.031,16.0,6.173,5.901,111,0.1640,0.1080,0.2720
352.675467,47.028473,6.005,0.017,30.3,6.635,5.821,111,0.6300,0.1840,0.8140
341.095435,50.857033,6.005,0.011,10.5,6.939,5.644,111,0.9340,0.3610,1.2950
343.178182,50.601479,6.005,0.007,28.9,6.859,5.782,111,0.8540,0.2230,1.0770
342.476957,48.334270,6.007,0.007,16.4,6.654,5.846,111,0.6470,0.1610,0.8080
344.098561,41.603870,6.005,0.019,17.8,5.879,6.031,111,-0.1260,-0.0260,-0.1520
321.597772,48.609116,6.005,0.013,16.5,7.482,5.229,111,1.4770,0.7760,2.2530
324.385012,51.658016,6.002,0.033,12.5,6.461,5.880,111,0.4590,0.1220,0.5810
299.648354,24.127813,6.005,0.055,19.7,7.320,5.519,111,1.3150,0.4860,1.8010
300.435790,21.468683,6.006,0.047,18.6,7.000,5.656,111,0.9940,0.3500,1.3440
305.469853,14.569961,6.008,0.059,23.1,6.762,5.790,111,0.7540,0.2180,0.9720
306.547373,14.099306,6.002,0.017,14.4,6.864,5.727,111,0.8620,0.2750,1.1370
277.601990,-27.711815,6.009,0.029,11.4,6.969,5.581,111,0.9600,0.4280,1.3880
277.618112,-27.545366,6.006,0.021,15.0,7.010,5.467,111,1.0040,0.5390,1.5430
275.644513,-27.108162,6.002,0.023,13.1,9.043,3.643,113,3.0410,2.3590,5.4000
162.498009,-49.400444,6.007,0.029,32.5,6.648,5.837,111,0.6410,0.1700,0.8110
166.496623,-48.309341,6.007,0.041,13.6,6.948,5.686,111,0.9410,0.3210,1.2620
164.137036,-45.448830,6.008,0.025,13.4,6.958,5.658,111,0.9500,0.3500,1.3000
170.956866,-41.599789,6.005,0.039,21.3,6.760,5.840,111,0.7550,0.1650,0.9200
157.976293,-32.288044,6.007,0.029,31.3,6.898,5.682,111,0.8910,0.3250,1.2160
139.801150,-53.129566,6.005,0.029,12.9,6.776,5.714,111,0.7710,0.2910,1.0620
178.918814,67.264954,6.006,0.015,60.4,6.229,5.947,111,0.2230,0.0590,0.2820
144.571178,70.266090,6.005,0.019,67.5,6.148,5.938,111,0.1430,0.0670,0.2100
100.454201,70.194183,6.005,0.041,71.4,6.655,5.818,111,0.6500,0.1870,0.8370
120.307791,68.686714,6.006,0.013,18.3,6.826,5.745,111,0.8200,0.2610,1.0810
128.397810,70.667984,6.008,0.015,58.5,6.780,5.820,111,0.7720,0.1880,0.9600
132.604204,64.864487,6.006,0.029,37.8,6.728,5.871,111,0.7220,0.1350,0.8570
147.196089,65.805321,6.004,0.027,80.7,6.527,5.867,111,0.5230,0.1370,0.6600
90.669147,1.113765,6.009,0.031,20.0,6.501,5.857,111,0.4920,0.1520,0.6440
292.924189,-28.774242,6.001,0.021,20.8,6.903,5.671,111,0.9020,0.3300,1.2320
288.954025,-31.877666,6.005,0.013,21.4,6.889,5.607,111,0.8840,0.3980,1.2820
300.600012,-35.274673,6.002,0.019,23.2,6.701,5.862,111,0.6990,0.1400,0.8390
295.014073,-31.608826,6.008,0.021,16.7,6.619,5.843,111,0.6110,0.1650,0.7760
300.845736,-40.851185,6.007,0.033,14.6,6.789,5.791,111,0.7820,0.2160,0.9980
293.300428,-46.089314,6.003,0.027,13.6,6.894,5.670,111,0.8910,0.3330,1.2240
274.433811,-32.922749,6.009,0.041,10.3,7.016,5.650,111,1.0070,0.3590,1.3660
283.171157,-32.233608,6.008,0.035,18.3,6.743,5.784,111,0.7350,0.2240,0.9590
42.714802,45.486206,6.008,0.029,21.9,6.816,5.863,111,0.8080,0.1450,0.9530
46.671903,44.801388,6.007,0.011,19.0,6.804,5.773,111,0.7970,0.2340,1.0310
39.224213,30.172707,6.008,0.009,15.3,6.619,5.899,111,0.6110,0.1090,0.7200
37.307498,29.067537,6.005,0.023,12.3,6.715,5.830,111,0.7100,0.1750,0.8850
48.235426,30.853571,6.003,0.021,27.9,6.648,5.855,111,0.6450,0.1480,0.7930
45.777929,38.983894,6.003,0.013,38.3,6.857,5.773,111,0.8540,0.2300,1.0840
174.038236,-29.177814,6.004,0.035,30.6,6.796,5.766,111,0.7920,0.2380,1.0300
168.302057,-26.465096,6.005,0.021,19.0,6.353,5.877,111,0.3480,0.1280,0.4760
167.472655,-26.673258,6.005,0.029,20.8,6.802,5.725,111,0.7970,0.2800,1.0770
160.367290,-22.909758,6.005,0.033,24.1,6.832,5.794,111,0.8270,0.2110,1.0380
167.797571,-10.993704,6.005,0.051,52.5,6.849,5.729,111,0.8440,0.2760,1.1200
163.299865,-9.344491,6.007,0.031,51.4,6.538,5.882,111,0.5310,0.1250,0.6560
177.101852,-45.839321,6.001,0.039,28.7,6.845,5.738,111,0.8440,0.2630,1.1070
101.004555,-7.613822,6.002,0.031,18.3,6.582,5.847,111,0.5800,0.1550,0.7350
99.640048,-8.917471,6.004,0.029,18.3,7.270,5.297,111,1.2660,0.7070,1.9730
98.968773,-3.137769,6.008,0.031,18.6,7.169,5.406,111,1.1610,0.6020,1.7630
93.874462,-39.877808,6.005,0.037,17.8,6.656,5.832,111,0.6510,0.1730,0.8240
225.378134,-19.263973,6.003,0.033,44.1,6.550,5.871,111,0.5470,0.1320,0.6790
222.640877,-18.630369,6.001,0.025,24.3,6.501,5.841,111,0.5000,0.1600,0.6600
104.609038,-67.408089,6.002,0.031,26.0,6.781,5.793,111,0.7790,0.2090,0.9880
176.446364,-67.631607,6.006,0.021,16.9,6.945,5.754,111,0.9390,0.2520,1.1910
170.919977,-67.701851,6.002,0.027,15.9,6.970,5.609,111,0.9680,0.3930,1.3610
155.916775,-64.610550,6.001,0.037,11.4,6.982,5.608,111,0.9810,0.3930,1.3740
161.630401,-65.814781,6.009,0.013,11.9,7.022,5.647,111,1.0130,0.3620,1.3750
252.562464,-5.585293,6.005,0.035,18.2,6.815,5.709,111,0.8100,0.2960,1.1060
250.349573,-11.457487,6.008,0.029,19.3,6.952,5.673,111,0.9440,0.3350,1.2790
256.950295,-16.691452,6.003,0.041,14.8,6.961,5.634,111,0.9580,0.3690,1.3270
288.495527,-25.808058,6.004,0.029,13.2,6.864,5.462,111,0.8600,0.5420,1.4020
272.270992,-23.350901,6.007,0.049,14.3,7.112,5.534,111,1.1050,0.4730,1.5780
207.486166,-66.916550,6.009,0.021,14.4,7.028,5.577,111,1.0190,0.4320,1.4510
205.062552,-65.163361,6.004,0.029,22.1,6.994,5.631,111,0.9900,0.3730,1.3630
156.629985,-66.062317,6.004,0.019,14.5,6.963,5.648,111,0.9590,0.3560,1.3150
160.252988,-66.810356,6.007,0.031,17.1,6.858,5.795,111,0.8510,0.2120,1.0630
162.583373,-68.104218,6.002,0.053,12.4,6.736,5.807,111,0.7340,0.1950,0.9290
144.448676,-67.752525,6.005,0.029,10.8,6.866,5.690,111,0.8610,0.3150,1.1760
142.755830,-66.034203,6.006,0.027,11.7,6.520,5.859,111,0.5140,0.1470,0.6610
232.708127,-67.765976,6.005,0.023,12.3,6.599,5.902,111,0.5940,0.1030,0.6970
264.089412,-3.633177,6.006,0.029,15.9,6.922,5.660,111,0.9160,0.3460,1.2620
263.730651,-0.522906,6.007,0.033,26.3,6.940,5.606,111,0.9330,0.4010,1.3340
269.775171,-68.556816,6.008,0.019,34.2,6.873,5.730,111,0.8650,0.2780,1.1430
267.903710,-69.920135,6.008,0.019,14.1,6.522,5.889,111,0.5140,0.1190,0.6330
252.456848,-76.714478,6.003,0.019,27.3,6.924,5.693,111,0.9210,0.3100,1.2310
264.421841,-73.651161,6.002,0.033,30.3,6.725,5.822,111,0.7230,0.1800,0.9030
321.487745,52.666454,6.005,0.015,20.5,7.491,5.387,111,1.4860,0.6180,2.1040
324.919377,43.305584,6.006,0.009,10.8,7.108,5.533,111,1.1020,0.4730,1.5750
329.081038,45.124950,6.003,0.033,23.6,6.856,5.744,111,0.8530,0.2590,1.1120
323.701604,45.329170,6.002,0.005,18.6,6.996,5.665,111,0.9940,0.3370,1.3310
328.948950,52.481750,6.002,0.041,10.9,7.096,5.556,111,1.0940,0.4460,1.5400
329.109521,53.424664,6.006,0.059,11.1,6.449,5.904,111,0.4430,0.1020,0.5450
332.800350,52.848648,6.007,0.045,16.4,6.905,5.717,111,0.8980,0.2900,1.1880
332.149708,49.541199,6.006,0.035,11.5,6.898,5.604,111,0.8920,0.4020,1.2940
264.803255,-54.248737,6.004,0.027,15.7,6.997,5.619,111,0.9930,0.3850,1.3780
265.493255,-49.985516,6.003,0.035,17.3,6.636,5.841,111,0.6330,0.1620,0.7950
261.113982,-50.839287,6.009,0.027,13.2,6.542,5.895,111,0.5330,0.1140,0.6470
262.516746,-50.286598,6.005,0.041,13.8,6.754,5.804,111,0.7490,0.2010,0.9500
232.679541,-57.072021,6.007,0.039,13.9,7.750,5.083,111,1.7430,0.9240,2.6670
284.982235,25.177059,6.008,0.015,24.5,6.883,5.558,111,0.8750,0.4500,1.3250
26.696563,59.156158,6.007,0.047,12.6,6.248,5.943,111,0.2410,0.0640,0.3050
23.042374,53.772186,6.009,0.009,21.1,6.869,5.763,111,0.8600,0.2460,1.1060
24.253848,55.771614,6.006,0.031,10.6,6.981,5.584,111,0.9750,0.4220,1.3970
303.714147,11.333764,6.007,0.031,11.1,6.557,5.850,111,0.5500,0.1570,0.7070
301.639080,7.143755,6.006,0.031,17.3,6.819,5.761,111,0.8130,0.2450,1.0580
280.299542,35.459038,6.002,0.015,17.8,6.902,5.623,111,0.9000,0.3790,1.2790
272.066085,23.845163,6.007,0.013,24.9,6.578,5.845,111,0.5710,0.1620,0.7330
277.398778,23.866146,6.007,0.013,17.8,5.936,6.046,111,-0.0710,-0.0390,-0.1100
271.258635,28.286924,6.004,0.031,21.4,6.761,5.814,111,0.7570,0.1900,0.9470
170.459223,9.168377,6.006,0.033,70.0,6.104,5.930,111,0.0980,0.0760,0.1740
136.588053,1.589894,6.005,0.027,36.2,6.799,5.783,111,0.7940,0.2220,1.0160
142.772804,8.692310,6.008,0.017,52.3,6.720,5.773,111,0.7120,0.2350,0.9470
142.360527,7.672767,6.002,0.035,24.6,6.588,5.818,111,0.5860,0.1840,0.7700
150.970833,18.951099,6.007,0.003,34.8,6.383,5.907,111,0.3760,0.1000,0.4760
174.881525,21.312910,6.006,0.019,88.7,6.511,5.880,111,0.5050,0.1260,0.6310
176.117508,21.377930,6.004,0.019,14.1,6.613,null,119,0.6090,-,-
154.239531,-50.763966,6.002,0.019,13.5,6.881,5.638,111,0.8790,0.3640,1.2430
145.508194,-46.654270,6.002,0.039,11.4,6.492,5.839,111,0.4900,0.1630,0.6530
149.794544,-45.006245,6.007,0.039,14.4,6.513,5.839,111,0.5060,0.1680,0.6740
144.894079,-44.310005,6.001,0.037,23.9,6.681,5.826,111,0.6800,0.1750,0.8550
145.851897,-47.510403,6.001,0.041,18.3,7.016,5.496,111,1.0150,0.5050,1.5200
146.716129,-51.181973,6.002,0.031,15.3,7.085,5.511,111,1.0830,0.4910,1.5740
236.431838,-67.084274,6.007,0.041,15.5,6.976,5.685,111,0.9690,0.3220,1.2910
224.154561,-64.268234,6.009,0.015,15.4,7.057,5.521,111,1.0480,0.4880,1.5360
219.231376,-65.460419,6.002,0.023,15.6,6.574,5.845,111,0.5720,0.1570,0.7290
17.225702,61.406818,6.003,0.009,21.7,6.967,5.637,111,0.9640,0.3660,1.3300
271.557320,-27.492697,6.003,0.047,11.9,6.237,5.889,111,0.2340,0.1140,0.3480
282.995500,-24.288540,6.004,0.021,13.7,6.998,5.621,111,0.9940,0.3830,1.3770
279.634392,-27.701385,6.005,0.033,12.4,6.916,5.653,111,0.9110,0.3520,1.2630
302.709525,25.674038,6.001,0.019,16.6,7.078,5.497,111,1.0770,0.5040,1.5810
299.665772,28.417734,6.003,0.033,15.7,7.321,5.301,111,1.3180,0.7020,2.0200
310.113712,32.141338,6.001,0.009,12.1,7.165,5.620,111,1.1640,0.3810,1.5450
